FIPS:County,date,manner_of_death,armed,age,gender,race,city,state,signs_of_mental_illness,threat_level,flee,body_camera,longitude,latitude,FIPS:Block,FIPS:State,Cantidad de Casos
01003,3,3,3,3,3,3,3,3,3,3,3,3,3,3,3,3,3
01015,5,5,5,5,5,5,5,5,5,5,5,5,5,5,5,5,5
01021,2,2,2,2,2,2,2,2,2,2,2,2,2,2,2,2,2
01029,1,1,1,1,1,1,1,1,1,1,1,1,1,1,1,1,1
01033,2,2,2,2,2,2,2,2,2,2,2,2,2,2,2,2,2
01035,1,1,1,1,1,1,1,1,1,1,1,1,1,1,1,1,1
01039,1,1,1,1,1,1,1,1,1,1,1,1,1,1,1,1,1
01041,1,1,1,1,1,1,1,1,1,1,1,1,1,1,1,1,1
01043,3,3,3,3,3,3,3,3,3,3,3,3,3,3,3,3,3
01045,1,1,1,1,1,1,1,1,1,1,1,1,1,1,1,1,1
01047,1,1,1,1,1,1,1,1,1,1,1,1,1,1,1,1,1
01051,3,3,3,3,3,3,3,3,3,3,3,3,3,3,3,3,3
01053,1,1,1,1,1,1,1,1,1,1,1,1,1,1,1,1,1
01055,1,1,1,1,1,1,1,1,1,1,1,1,1,1,1,1,1
01067,1,1,1,1,1,1,1,1,1,1,1,1,1,1,1,1,1
01071,1,1,1,1,1,1,1,1,1,1,1,1,1,1,1,1,1
01073,15,15,15,15,15,15,15,15,15,15,15,15,15,15,15,15,15
01077,2,2,2,2,2,2,2,2,2,2,2,2,2,2,2,2,2
01079,1,1,1,1,1,1,1,1,1,1,1,1,1,1,1,1,1
01081,2,2,2,2,2,2,2,2,2,2,2,2,2,2,2,2,2
01083,1,1,1,1,1,1,1,1,1,1,1,1,1,1,1,1,1
01087,1,1,1,1,1,1,1,1,1,1,1,1,1,1,1,1,1
01089,10,10,10,10,10,10,10,10,10,10,10,10,10,10,10,10,10
01095,1,1,1,1,1,1,1,1,1,1,1,1,1,1,1,1,1
01097,9,9,9,9,9,9,9,9,9,9,9,9,9,9,9,9,9
01101,3,3,3,3,3,3,3,3,3,3,3,3,3,3,3,3,3
01113,1,1,1,1,1,1,1,1,1,1,1,1,1,1,1,1,1
01115,2,2,2,2,2,2,2,2,2,2,2,2,2,2,2,2,2
01117,1,1,1,1,1,1,1,1,1,1,1,1,1,1,1,1,1
01121,1,1,1,1,1,1,1,1,1,1,1,1,1,1,1,1,1
01123,1,1,1,1,1,1,1,1,1,1,1,1,1,1,1,1,1
01125,1,1,1,1,1,1,1,1,1,1,1,1,1,1,1,1,1
01127,1,1,1,1,1,1,1,1,1,1,1,1,1,1,1,1,1
01129,1,1,1,1,1,1,1,1,1,1,1,1,1,1,1,1,1
02020,9,9,9,9,9,9,9,9,9,9,9,9,9,9,9,9,9
02090,7,7,7,7,7,7,7,7,7,7,7,7,7,7,7,7,7
02110,1,1,1,1,1,1,1,1,1,1,1,1,1,1,1,1,1
02122,4,4,4,4,4,4,4,4,4,4,4,4,4,4,4,4,4
02170,5,5,5,5,5,5,5,5,5,5,5,5,5,5,5,5,5
02185,1,1,1,1,1,1,1,1,1,1,1,1,1,1,1,1,1
04001,3,3,3,3,3,3,3,3,3,3,3,3,3,3,3,3,3
04003,3,3,3,3,3,3,3,3,3,3,3,3,3,3,3,3,3
04005,9,9,9,9,9,9,9,9,9,9,9,9,9,9,9,9,9
04011,1,1,1,1,1,1,1,1,1,1,1,1,1,1,1,1,1
04012,3,3,3,3,3,3,3,3,3,3,3,3,3,3,3,3,3
04013,119,119,119,119,119,119,119,119,119,119,119,119,119,119,119,119,119
04015,10,10,10,10,10,10,10,10,10,10,10,10,10,10,10,10,10
04017,4,4,4,4,4,4,4,4,4,4,4,4,4,4,4,4,4
04019,26,26,26,26,26,26,26,26,26,26,26,26,26,26,26,26,26
04021,6,6,6,6,6,6,6,6,6,6,6,6,6,6,6,6,6
04025,5,5,5,5,5,5,5,5,5,5,5,5,5,5,5,5,5
04027,3,3,3,3,3,3,3,3,3,3,3,3,3,3,3,3,3
05005,1,1,1,1,1,1,1,1,1,1,1,1,1,1,1,1,1
05007,2,2,2,2,2,2,2,2,2,2,2,2,2,2,2,2,2
05009,1,1,1,1,1,1,1,1,1,1,1,1,1,1,1,1,1
05011,1,1,1,1,1,1,1,1,1,1,1,1,1,1,1,1,1
05021,1,1,1,1,1,1,1,1,1,1,1,1,1,1,1,1,1
05027,1,1,1,1,1,1,1,1,1,1,1,1,1,1,1,1,1
05031,2,2,2,2,2,2,2,2,2,2,2,2,2,2,2,2,2
05033,1,1,1,1,1,1,1,1,1,1,1,1,1,1,1,1,1
05035,2,2,2,2,2,2,2,2,2,2,2,2,2,2,2,2,2
05047,1,1,1,1,1,1,1,1,1,1,1,1,1,1,1,1,1
05051,1,1,1,1,1,1,1,1,1,1,1,1,1,1,1,1,1
05053,1,1,1,1,1,1,1,1,1,1,1,1,1,1,1,1,1
05069,2,2,2,2,2,2,2,2,2,2,2,2,2,2,2,2,2
05071,1,1,1,1,1,1,1,1,1,1,1,1,1,1,1,1,1
05085,4,4,4,4,4,4,4,4,4,4,4,4,4,4,4,4,4
05093,1,1,1,1,1,1,1,1,1,1,1,1,1,1,1,1,1
05105,1,1,1,1,1,1,1,1,1,1,1,1,1,1,1,1,1
05107,1,1,1,1,1,1,1,1,1,1,1,1,1,1,1,1,1
05113,1,1,1,1,1,1,1,1,1,1,1,1,1,1,1,1,1
05115,2,2,2,2,2,2,2,2,2,2,2,2,2,2,2,2,2
05119,10,10,10,10,10,10,10,10,10,10,10,10,10,10,10,10,10
05123,2,2,2,2,2,2,2,2,2,2,2,2,2,2,2,2,2
05125,4,4,4,4,4,4,4,4,4,4,4,4,4,4,4,4,4
05129,1,1,1,1,1,1,1,1,1,1,1,1,1,1,1,1,1
05131,2,2,2,2,2,2,2,2,2,2,2,2,2,2,2,2,2
05139,1,1,1,1,1,1,1,1,1,1,1,1,1,1,1,1,1
05143,6,6,6,6,6,6,6,6,6,6,6,6,6,6,6,6,6
05145,1,1,1,1,1,1,1,1,1,1,1,1,1,1,1,1,1
06001,24,24,24,24,24,24,24,24,24,24,24,24,24,24,24,24,24
06007,8,8,8,8,8,8,8,8,8,8,8,8,8,8,8,8,8
06009,1,1,1,1,1,1,1,1,1,1,1,1,1,1,1,1,1
06013,13,13,13,13,13,13,13,13,13,13,13,13,13,13,13,13,13
06017,1,1,1,1,1,1,1,1,1,1,1,1,1,1,1,1,1
06019,18,18,18,18,18,18,18,18,18,18,18,18,18,18,18,18,18
06023,5,5,5,5,5,5,5,5,5,5,5,5,5,5,5,5,5
06025,1,1,1,1,1,1,1,1,1,1,1,1,1,1,1,1,1
06029,30,30,30,30,30,30,30,30,30,30,30,30,30,30,30,30,30
06031,6,6,6,6,6,6,6,6,6,6,6,6,6,6,6,6,6
06033,3,3,3,3,3,3,3,3,3,3,3,3,3,3,3,3,3
06037,181,181,181,181,181,181,181,181,181,181,181,181,181,181,181,181,181
06039,5,5,5,5,5,5,5,5,5,5,5,5,5,5,5,5,5
06047,9,9,9,9,9,9,9,9,9,9,9,9,9,9,9,9,9
06053,5,5,5,5,5,5,5,5,5,5,5,5,5,5,5,5,5
06055,6,6,6,6,6,6,6,6,6,6,6,6,6,6,6,6,6
06057,1,1,1,1,1,1,1,1,1,1,1,1,1,1,1,1,1
06059,31,31,31,31,31,31,31,31,31,31,31,31,31,31,31,31,31
06061,6,6,6,6,6,6,6,6,6,6,6,6,6,6,6,6,6
06065,33,33,33,33,33,33,33,33,33,33,33,33,33,33,33,33,33
06067,26,26,26,26,26,26,26,26,26,26,26,26,26,26,26,26,26
06071,49,49,49,49,49,49,49,49,49,49,49,49,49,49,49,49,49
06073,39,39,39,39,39,39,39,39,39,39,39,39,39,39,39,39,39
06075,14,14,14,14,14,14,14,14,14,14,14,14,14,14,14,14,14
06077,12,12,12,12,12,12,12,12,12,12,12,12,12,12,12,12,12
06079,4,4,4,4,4,4,4,4,4,4,4,4,4,4,4,4,4
06081,4,4,4,4,4,4,4,4,4,4,4,4,4,4,4,4,4
06083,8,8,8,8,8,8,8,8,8,8,8,8,8,8,8,8,8
06085,20,20,20,20,20,20,20,20,20,20,20,20,20,20,20,20,20
06087,3,3,3,3,3,3,3,3,3,3,3,3,3,3,3,3,3
06089,12,12,12,12,12,12,12,12,12,12,12,12,12,12,12,12,12
06093,4,4,4,4,4,4,4,4,4,4,4,4,4,4,4,4,4
06095,7,7,7,7,7,7,7,7,7,7,7,7,7,7,7,7,7
06097,2,2,2,2,2,2,2,2,2,2,2,2,2,2,2,2,2
06099,13,13,13,13,13,13,13,13,13,13,13,13,13,13,13,13,13
06101,1,1,1,1,1,1,1,1,1,1,1,1,1,1,1,1,1
06103,6,6,6,6,6,6,6,6,6,6,6,6,6,6,6,6,6
06107,12,12,12,12,12,12,12,12,12,12,12,12,12,12,12,12,12
06111,3,3,3,3,3,3,3,3,3,3,3,3,3,3,3,3,3
06113,2,2,2,2,2,2,2,2,2,2,2,2,2,2,2,2,2
06115,4,4,4,4,4,4,4,4,4,4,4,4,4,4,4,4,4
08001,22,22,22,22,22,22,22,22,22,22,22,22,22,22,22,22,22
08003,1,1,1,1,1,1,1,1,1,1,1,1,1,1,1,1,1
08005,15,15,15,15,15,15,15,15,15,15,15,15,15,15,15,15,15
08013,7,7,7,7,7,7,7,7,7,7,7,7,7,7,7,7,7
08019,1,1,1,1,1,1,1,1,1,1,1,1,1,1,1,1,1
08031,27,27,27,27,27,27,27,27,27,27,27,27,27,27,27,27,27
08035,2,2,2,2,2,2,2,2,2,2,2,2,2,2,2,2,2
08037,1,1,1,1,1,1,1,1,1,1,1,1,1,1,1,1,1
08041,19,19,19,19,19,19,19,19,19,19,19,19,19,19,19,19,19
08043,1,1,1,1,1,1,1,1,1,1,1,1,1,1,1,1,1
08045,2,2,2,2,2,2,2,2,2,2,2,2,2,2,2,2,2
08059,15,15,15,15,15,15,15,15,15,15,15,15,15,15,15,15,15
08061,1,1,1,1,1,1,1,1,1,1,1,1,1,1,1,1,1
08067,1,1,1,1,1,1,1,1,1,1,1,1,1,1,1,1,1
08069,7,7,7,7,7,7,7,7,7,7,7,7,7,7,7,7,7
08071,2,2,2,2,2,2,2,2,2,2,2,2,2,2,2,2,2
08077,4,4,4,4,4,4,4,4,4,4,4,4,4,4,4,4,4
08081,1,1,1,1,1,1,1,1,1,1,1,1,1,1,1,1,1
08083,2,2,2,2,2,2,2,2,2,2,2,2,2,2,2,2,2
08087,1,1,1,1,1,1,1,1,1,1,1,1,1,1,1,1,1
08093,2,2,2,2,2,2,2,2,2,2,2,2,2,2,2,2,2
08101,16,16,16,16,16,16,16,16,16,16,16,16,16,16,16,16,16
08103,1,1,1,1,1,1,1,1,1,1,1,1,1,1,1,1,1
08123,9,9,9,9,9,9,9,9,9,9,9,9,9,9,9,9,9
09001,3,3,3,3,3,3,3,3,3,3,3,3,3,3,3,3,3
09003,3,3,3,3,3,3,3,3,3,3,3,3,3,3,3,3,3
09005,2,2,2,2,2,2,2,2,2,2,2,2,2,2,2,2,2
09007,1,1,1,1,1,1,1,1,1,1,1,1,1,1,1,1,1
09009,3,3,3,3,3,3,3,3,3,3,3,3,3,3,3,3,3
09011,2,2,2,2,2,2,2,2,2,2,2,2,2,2,2,2,2
09013,1,1,1,1,1,1,1,1,1,1,1,1,1,1,1,1,1
09015,1,1,1,1,1,1,1,1,1,1,1,1,1,1,1,1,1
10001,4,4,4,4,4,4,4,4,4,4,4,4,4,4,4,4,4
10003,4,4,4,4,4,4,4,4,4,4,4,4,4,4,4,4,4
11001,14,14,14,14,14,14,14,14,14,14,14,14,14,14,14,14,14
12001,3,3,3,3,3,3,3,3,3,3,3,3,3,3,3,3,3
12003,1,1,1,1,1,1,1,1,1,1,1,1,1,1,1,1,1
12005,4,4,4,4,4,4,4,4,4,4,4,4,4,4,4,4,4
12007,2,2,2,2,2,2,2,2,2,2,2,2,2,2,2,2,2
12009,12,12,12,12,12,12,12,12,12,12,12,12,12,12,12,12,12
12011,20,20,20,20,20,20,20,20,20,20,20,20,20,20,20,20,20
12013,1,1,1,1,1,1,1,1,1,1,1,1,1,1,1,1,1
12015,4,4,4,4,4,4,4,4,4,4,4,4,4,4,4,4,4
12017,2,2,2,2,2,2,2,2,2,2,2,2,2,2,2,2,2
12019,4,4,4,4,4,4,4,4,4,4,4,4,4,4,4,4,4
12021,1,1,1,1,1,1,1,1,1,1,1,1,1,1,1,1,1
12029,1,1,1,1,1,1,1,1,1,1,1,1,1,1,1,1,1
12031,30,30,30,30,30,30,30,30,30,30,30,30,30,30,30,30,30
12033,3,3,3,3,3,3,3,3,3,3,3,3,3,3,3,3,3
12045,1,1,1,1,1,1,1,1,1,1,1,1,1,1,1,1,1
12053,5,5,5,5,5,5,5,5,5,5,5,5,5,5,5,5,5
12055,3,3,3,3,3,3,3,3,3,3,3,3,3,3,3,3,3
12057,21,21,21,21,21,21,21,21,21,21,21,21,21,21,21,21,21
12061,3,3,3,3,3,3,3,3,3,3,3,3,3,3,3,3,3
12063,2,2,2,2,2,2,2,2,2,2,2,2,2,2,2,2,2
12069,7,7,7,7,7,7,7,7,7,7,7,7,7,7,7,7,7
12071,6,6,6,6,6,6,6,6,6,6,6,6,6,6,6,6,6
12073,6,6,6,6,6,6,6,6,6,6,6,6,6,6,6,6,6
12081,5,5,5,5,5,5,5,5,5,5,5,5,5,5,5,5,5
12083,5,5,5,5,5,5,5,5,5,5,5,5,5,5,5,5,5
12085,1,1,1,1,1,1,1,1,1,1,1,1,1,1,1,1,1
12086,34,34,34,34,34,34,34,34,34,34,34,34,34,34,34,34,34
12089,2,2,2,2,2,2,2,2,2,2,2,2,2,2,2,2,2
12091,3,3,3,3,3,3,3,3,3,3,3,3,3,3,3,3,3
12095,22,22,22,22,22,22,22,22,22,22,22,22,22,22,22,22,22
12099,11,11,11,11,11,11,11,11,11,11,11,11,11,11,11,11,11
12101,3,3,3,3,3,3,3,3,3,3,3,3,3,3,3,3,3
12103,12,12,12,12,12,12,12,12,12,12,12,12,12,12,12,12,12
12105,16,16,16,16,16,16,16,16,16,16,16,16,16,16,16,16,16
12107,3,3,3,3,3,3,3,3,3,3,3,3,3,3,3,3,3
12109,4,4,4,4,4,4,4,4,4,4,4,4,4,4,4,4,4
12111,8,8,8,8,8,8,8,8,8,8,8,8,8,8,8,8,8
12113,3,3,3,3,3,3,3,3,3,3,3,3,3,3,3,3,3
12115,4,4,4,4,4,4,4,4,4,4,4,4,4,4,4,4,4
12117,2,2,2,2,2,2,2,2,2,2,2,2,2,2,2,2,2
12119,3,3,3,3,3,3,3,3,3,3,3,3,3,3,3,3,3
12127,19,19,19,19,19,19,19,19,19,19,19,19,19,19,19,19,19
13015,4,4,4,4,4,4,4,4,4,4,4,4,4,4,4,4,4
13021,3,3,3,3,3,3,3,3,3,3,3,3,3,3,3,3,3
13023,1,1,1,1,1,1,1,1,1,1,1,1,1,1,1,1,1
13031,1,1,1,1,1,1,1,1,1,1,1,1,1,1,1,1,1
13035,1,1,1,1,1,1,1,1,1,1,1,1,1,1,1,1,1
13039,2,2,2,2,2,2,2,2,2,2,2,2,2,2,2,2,2
13045,4,4,4,4,4,4,4,4,4,4,4,4,4,4,4,4,4
13051,4,4,4,4,4,4,4,4,4,4,4,4,4,4,4,4,4
13057,2,2,2,2,2,2,2,2,2,2,2,2,2,2,2,2,2
13059,4,4,4,4,4,4,4,4,4,4,4,4,4,4,4,4,4
13063,3,3,3,3,3,3,3,3,3,3,3,3,3,3,3,3,3
13067,9,9,9,9,9,9,9,9,9,9,9,9,9,9,9,9,9
13069,1,1,1,1,1,1,1,1,1,1,1,1,1,1,1,1,1
13071,1,1,1,1,1,1,1,1,1,1,1,1,1,1,1,1,1
13079,1,1,1,1,1,1,1,1,1,1,1,1,1,1,1,1,1
13087,1,1,1,1,1,1,1,1,1,1,1,1,1,1,1,1,1
13089,10,10,10,10,10,10,10,10,10,10,10,10,10,10,10,10,10
13095,1,1,1,1,1,1,1,1,1,1,1,1,1,1,1,1,1
13097,2,2,2,2,2,2,2,2,2,2,2,2,2,2,2,2,2
13099,1,1,1,1,1,1,1,1,1,1,1,1,1,1,1,1,1
13103,2,2,2,2,2,2,2,2,2,2,2,2,2,2,2,2,2
13105,1,1,1,1,1,1,1,1,1,1,1,1,1,1,1,1,1
13109,1,1,1,1,1,1,1,1,1,1,1,1,1,1,1,1,1
13113,2,2,2,2,2,2,2,2,2,2,2,2,2,2,2,2,2
13115,2,2,2,2,2,2,2,2,2,2,2,2,2,2,2,2,2
13117,3,3,3,3,3,3,3,3,3,3,3,3,3,3,3,3,3
13121,19,19,19,19,19,19,19,19,19,19,19,19,19,19,19,19,19
13127,1,1,1,1,1,1,1,1,1,1,1,1,1,1,1,1,1
13129,1,1,1,1,1,1,1,1,1,1,1,1,1,1,1,1,1
13135,4,4,4,4,4,4,4,4,4,4,4,4,4,4,4,4,4
13137,2,2,2,2,2,2,2,2,2,2,2,2,2,2,2,2,2
13139,4,4,4,4,4,4,4,4,4,4,4,4,4,4,4,4,4
13149,1,1,1,1,1,1,1,1,1,1,1,1,1,1,1,1,1
13151,6,6,6,6,6,6,6,6,6,6,6,6,6,6,6,6,6
13153,2,2,2,2,2,2,2,2,2,2,2,2,2,2,2,2,2
13157,1,1,1,1,1,1,1,1,1,1,1,1,1,1,1,1,1
13159,1,1,1,1,1,1,1,1,1,1,1,1,1,1,1,1,1
13183,1,1,1,1,1,1,1,1,1,1,1,1,1,1,1,1,1
13185,2,2,2,2,2,2,2,2,2,2,2,2,2,2,2,2,2
13187,1,1,1,1,1,1,1,1,1,1,1,1,1,1,1,1,1
13191,1,1,1,1,1,1,1,1,1,1,1,1,1,1,1,1,1
13199,1,1,1,1,1,1,1,1,1,1,1,1,1,1,1,1,1
13207,1,1,1,1,1,1,1,1,1,1,1,1,1,1,1,1,1
13215,2,2,2,2,2,2,2,2,2,2,2,2,2,2,2,2,2
13217,3,3,3,3,3,3,3,3,3,3,3,3,3,3,3,3,3
13219,1,1,1,1,1,1,1,1,1,1,1,1,1,1,1,1,1
13221,1,1,1,1,1,1,1,1,1,1,1,1,1,1,1,1,1
13223,2,2,2,2,2,2,2,2,2,2,2,2,2,2,2,2,2
13227,1,1,1,1,1,1,1,1,1,1,1,1,1,1,1,1,1
13237,1,1,1,1,1,1,1,1,1,1,1,1,1,1,1,1,1
13241,1,1,1,1,1,1,1,1,1,1,1,1,1,1,1,1,1
13245,3,3,3,3,3,3,3,3,3,3,3,3,3,3,3,3,3
13247,1,1,1,1,1,1,1,1,1,1,1,1,1,1,1,1,1
13255,1,1,1,1,1,1,1,1,1,1,1,1,1,1,1,1,1
13259,1,1,1,1,1,1,1,1,1,1,1,1,1,1,1,1,1
13267,1,1,1,1,1,1,1,1,1,1,1,1,1,1,1,1,1
13275,2,2,2,2,2,2,2,2,2,2,2,2,2,2,2,2,2
13285,2,2,2,2,2,2,2,2,2,2,2,2,2,2,2,2,2
13295,3,3,3,3,3,3,3,3,3,3,3,3,3,3,3,3,3
13297,2,2,2,2,2,2,2,2,2,2,2,2,2,2,2,2,2
13305,1,1,1,1,1,1,1,1,1,1,1,1,1,1,1,1,1
13321,1,1,1,1,1,1,1,1,1,1,1,1,1,1,1,1,1
15001,6,6,6,6,6,6,6,6,6,6,6,6,6,6,6,6,6
15003,13,13,13,13,13,13,13,13,13,13,13,13,13,13,13,13,13
15009,1,1,1,1,1,1,1,1,1,1,1,1,1,1,1,1,1
16001,10,10,10,10,10,10,10,10,10,10,10,10,10,10,10,10,10
16003,1,1,1,1,1,1,1,1,1,1,1,1,1,1,1,1,1
16005,1,1,1,1,1,1,1,1,1,1,1,1,1,1,1,1,1
16011,1,1,1,1,1,1,1,1,1,1,1,1,1,1,1,1,1
16017,3,3,3,3,3,3,3,3,3,3,3,3,3,3,3,3,3
16019,4,4,4,4,4,4,4,4,4,4,4,4,4,4,4,4,4
16027,3,3,3,3,3,3,3,3,3,3,3,3,3,3,3,3,3
16039,2,2,2,2,2,2,2,2,2,2,2,2,2,2,2,2,2
16041,1,1,1,1,1,1,1,1,1,1,1,1,1,1,1,1,1
16047,2,2,2,2,2,2,2,2,2,2,2,2,2,2,2,2,2
16051,1,1,1,1,1,1,1,1,1,1,1,1,1,1,1,1,1
16055,2,2,2,2,2,2,2,2,2,2,2,2,2,2,2,2,2
16065,1,1,1,1,1,1,1,1,1,1,1,1,1,1,1,1,1
16073,2,2,2,2,2,2,2,2,2,2,2,2,2,2,2,2,2
17001,1,1,1,1,1,1,1,1,1,1,1,1,1,1,1,1,1
17019,1,1,1,1,1,1,1,1,1,1,1,1,1,1,1,1,1
17031,43,43,43,43,43,43,43,43,43,43,43,43,43,43,43,43,43
17039,1,1,1,1,1,1,1,1,1,1,1,1,1,1,1,1,1
17041,1,1,1,1,1,1,1,1,1,1,1,1,1,1,1,1,1
17043,2,2,2,2,2,2,2,2,2,2,2,2,2,2,2,2,2
17055,1,1,1,1,1,1,1,1,1,1,1,1,1,1,1,1,1
17069,1,1,1,1,1,1,1,1,1,1,1,1,1,1,1,1,1
17073,1,1,1,1,1,1,1,1,1,1,1,1,1,1,1,1,1
17083,1,1,1,1,1,1,1,1,1,1,1,1,1,1,1,1,1
17085,1,1,1,1,1,1,1,1,1,1,1,1,1,1,1,1,1
17089,4,4,4,4,4,4,4,4,4,4,4,4,4,4,4,4,4
17097,8,8,8,8,8,8,8,8,8,8,8,8,8,8,8,8,8
17119,2,2,2,2,2,2,2,2,2,2,2,2,2,2,2,2,2
17127,2,2,2,2,2,2,2,2,2,2,2,2,2,2,2,2,2
17133,1,1,1,1,1,1,1,1,1,1,1,1,1,1,1,1,1
17135,1,1,1,1,1,1,1,1,1,1,1,1,1,1,1,1,1
17143,3,3,3,3,3,3,3,3,3,3,3,3,3,3,3,3,3
17161,1,1,1,1,1,1,1,1,1,1,1,1,1,1,1,1,1
17163,3,3,3,3,3,3,3,3,3,3,3,3,3,3,3,3,3
17167,1,1,1,1,1,1,1,1,1,1,1,1,1,1,1,1,1
17179,1,1,1,1,1,1,1,1,1,1,1,1,1,1,1,1,1
17183,1,1,1,1,1,1,1,1,1,1,1,1,1,1,1,1,1
17197,3,3,3,3,3,3,3,3,3,3,3,3,3,3,3,3,3
17199,2,2,2,2,2,2,2,2,2,2,2,2,2,2,2,2,2
17201,2,2,2,2,2,2,2,2,2,2,2,2,2,2,2,2,2
18003,4,4,4,4,4,4,4,4,4,4,4,4,4,4,4,4,4
18005,1,1,1,1,1,1,1,1,1,1,1,1,1,1,1,1,1
18015,1,1,1,1,1,1,1,1,1,1,1,1,1,1,1,1,1
18019,1,1,1,1,1,1,1,1,1,1,1,1,1,1,1,1,1
18021,1,1,1,1,1,1,1,1,1,1,1,1,1,1,1,1,1
18025,1,1,1,1,1,1,1,1,1,1,1,1,1,1,1,1,1
18029,1,1,1,1,1,1,1,1,1,1,1,1,1,1,1,1,1
18035,4,4,4,4,4,4,4,4,4,4,4,4,4,4,4,4,4
18039,3,3,3,3,3,3,3,3,3,3,3,3,3,3,3,3,3
18043,1,1,1,1,1,1,1,1,1,1,1,1,1,1,1,1,1
18047,1,1,1,1,1,1,1,1,1,1,1,1,1,1,1,1,1
18057,1,1,1,1,1,1,1,1,1,1,1,1,1,1,1,1,1
18061,1,1,1,1,1,1,1,1,1,1,1,1,1,1,1,1,1
18063,1,1,1,1,1,1,1,1,1,1,1,1,1,1,1,1,1
18065,2,2,2,2,2,2,2,2,2,2,2,2,2,2,2,2,2
18067,2,2,2,2,2,2,2,2,2,2,2,2,2,2,2,2,2
18069,1,1,1,1,1,1,1,1,1,1,1,1,1,1,1,1,1
18071,1,1,1,1,1,1,1,1,1,1,1,1,1,1,1,1,1
18081,1,1,1,1,1,1,1,1,1,1,1,1,1,1,1,1,1
18089,8,8,8,8,8,8,8,8,8,8,8,8,8,8,8,8,8
18093,1,1,1,1,1,1,1,1,1,1,1,1,1,1,1,1,1
18097,19,19,19,19,19,19,19,19,19,19,19,19,19,19,19,19,19
18105,1,1,1,1,1,1,1,1,1,1,1,1,1,1,1,1,1
18117,1,1,1,1,1,1,1,1,1,1,1,1,1,1,1,1,1
18119,1,1,1,1,1,1,1,1,1,1,1,1,1,1,1,1,1
18125,1,1,1,1,1,1,1,1,1,1,1,1,1,1,1,1,1
18127,1,1,1,1,1,1,1,1,1,1,1,1,1,1,1,1,1
18135,1,1,1,1,1,1,1,1,1,1,1,1,1,1,1,1,1
18141,3,3,3,3,3,3,3,3,3,3,3,3,3,3,3,3,3
18145,2,2,2,2,2,2,2,2,2,2,2,2,2,2,2,2,2
18153,1,1,1,1,1,1,1,1,1,1,1,1,1,1,1,1,1
18157,1,1,1,1,1,1,1,1,1,1,1,1,1,1,1,1,1
18163,6,6,6,6,6,6,6,6,6,6,6,6,6,6,6,6,6
18167,4,4,4,4,4,4,4,4,4,4,4,4,4,4,4,4,4
18169,1,1,1,1,1,1,1,1,1,1,1,1,1,1,1,1,1
18173,1,1,1,1,1,1,1,1,1,1,1,1,1,1,1,1,1
18175,1,1,1,1,1,1,1,1,1,1,1,1,1,1,1,1,1
18181,1,1,1,1,1,1,1,1,1,1,1,1,1,1,1,1,1
19015,1,1,1,1,1,1,1,1,1,1,1,1,1,1,1,1,1
19037,1,1,1,1,1,1,1,1,1,1,1,1,1,1,1,1,1
19045,1,1,1,1,1,1,1,1,1,1,1,1,1,1,1,1,1
19057,3,3,3,3,3,3,3,3,3,3,3,3,3,3,3,3,3
19077,1,1,1,1,1,1,1,1,1,1,1,1,1,1,1,1,1
19079,1,1,1,1,1,1,1,1,1,1,1,1,1,1,1,1,1
19091,1,1,1,1,1,1,1,1,1,1,1,1,1,1,1,1,1
19095,1,1,1,1,1,1,1,1,1,1,1,1,1,1,1,1,1
19111,1,1,1,1,1,1,1,1,1,1,1,1,1,1,1,1,1
19113,2,2,2,2,2,2,2,2,2,2,2,2,2,2,2,2,2
19153,9,9,9,9,9,9,9,9,9,9,9,9,9,9,9,9,9
19155,1,1,1,1,1,1,1,1,1,1,1,1,1,1,1,1,1
19163,2,2,2,2,2,2,2,2,2,2,2,2,2,2,2,2,2
19175,1,1,1,1,1,1,1,1,1,1,1,1,1,1,1,1,1
19183,1,1,1,1,1,1,1,1,1,1,1,1,1,1,1,1,1
19187,2,2,2,2,2,2,2,2,2,2,2,2,2,2,2,2,2
20007,1,1,1,1,1,1,1,1,1,1,1,1,1,1,1,1,1
20015,1,1,1,1,1,1,1,1,1,1,1,1,1,1,1,1,1
20045,1,1,1,1,1,1,1,1,1,1,1,1,1,1,1,1,1
20051,2,2,2,2,2,2,2,2,2,2,2,2,2,2,2,2,2
20055,1,1,1,1,1,1,1,1,1,1,1,1,1,1,1,1,1
20061,1,1,1,1,1,1,1,1,1,1,1,1,1,1,1,1,1
20079,2,2,2,2,2,2,2,2,2,2,2,2,2,2,2,2,2
20091,5,5,5,5,5,5,5,5,5,5,5,5,5,5,5,5,5
20103,1,1,1,1,1,1,1,1,1,1,1,1,1,1,1,1,1
20113,1,1,1,1,1,1,1,1,1,1,1,1,1,1,1,1,1
20115,1,1,1,1,1,1,1,1,1,1,1,1,1,1,1,1,1
20149,1,1,1,1,1,1,1,1,1,1,1,1,1,1,1,1,1
20151,1,1,1,1,1,1,1,1,1,1,1,1,1,1,1,1,1
20155,2,2,2,2,2,2,2,2,2,2,2,2,2,2,2,2,2
20169,2,2,2,2,2,2,2,2,2,2,2,2,2,2,2,2,2
20173,10,10,10,10,10,10,10,10,10,10,10,10,10,10,10,10,10
20177,5,5,5,5,5,5,5,5,5,5,5,5,5,5,5,5,5
20191,1,1,1,1,1,1,1,1,1,1,1,1,1,1,1,1,1
20193,1,1,1,1,1,1,1,1,1,1,1,1,1,1,1,1,1
20209,5,5,5,5,5,5,5,5,5,5,5,5,5,5,5,5,5
21003,1,1,1,1,1,1,1,1,1,1,1,1,1,1,1,1,1
21005,1,1,1,1,1,1,1,1,1,1,1,1,1,1,1,1,1
21009,1,1,1,1,1,1,1,1,1,1,1,1,1,1,1,1,1
21011,2,2,2,2,2,2,2,2,2,2,2,2,2,2,2,2,2
21017,1,1,1,1,1,1,1,1,1,1,1,1,1,1,1,1,1
21029,1,1,1,1,1,1,1,1,1,1,1,1,1,1,1,1,1
21033,1,1,1,1,1,1,1,1,1,1,1,1,1,1,1,1,1
21043,1,1,1,1,1,1,1,1,1,1,1,1,1,1,1,1,1
21047,1,1,1,1,1,1,1,1,1,1,1,1,1,1,1,1,1
21057,1,1,1,1,1,1,1,1,1,1,1,1,1,1,1,1,1
21059,4,4,4,4,4,4,4,4,4,4,4,4,4,4,4,4,4
21075,1,1,1,1,1,1,1,1,1,1,1,1,1,1,1,1,1
21079,1,1,1,1,1,1,1,1,1,1,1,1,1,1,1,1,1
21085,1,1,1,1,1,1,1,1,1,1,1,1,1,1,1,1,1
21089,2,2,2,2,2,2,2,2,2,2,2,2,2,2,2,2,2
21093,3,3,3,3,3,3,3,3,3,3,3,3,3,3,3,3,3
21095,1,1,1,1,1,1,1,1,1,1,1,1,1,1,1,1,1
21107,1,1,1,1,1,1,1,1,1,1,1,1,1,1,1,1,1
21111,15,15,15,15,15,15,15,15,15,15,15,15,15,15,15,15,15
21113,2,2,2,2,2,2,2,2,2,2,2,2,2,2,2,2,2
21117,1,1,1,1,1,1,1,1,1,1,1,1,1,1,1,1,1
21119,2,2,2,2,2,2,2,2,2,2,2,2,2,2,2,2,2
21121,3,3,3,3,3,3,3,3,3,3,3,3,3,3,3,3,3
21125,3,3,3,3,3,3,3,3,3,3,3,3,3,3,3,3,3
21141,1,1,1,1,1,1,1,1,1,1,1,1,1,1,1,1,1
21145,2,2,2,2,2,2,2,2,2,2,2,2,2,2,2,2,2
21151,1,1,1,1,1,1,1,1,1,1,1,1,1,1,1,1,1
21153,1,1,1,1,1,1,1,1,1,1,1,1,1,1,1,1,1
21159,1,1,1,1,1,1,1,1,1,1,1,1,1,1,1,1,1
21169,1,1,1,1,1,1,1,1,1,1,1,1,1,1,1,1,1
21177,1,1,1,1,1,1,1,1,1,1,1,1,1,1,1,1,1
21179,1,1,1,1,1,1,1,1,1,1,1,1,1,1,1,1,1
21185,1,1,1,1,1,1,1,1,1,1,1,1,1,1,1,1,1
21189,1,1,1,1,1,1,1,1,1,1,1,1,1,1,1,1,1
21193,2,2,2,2,2,2,2,2,2,2,2,2,2,2,2,2,2
21195,2,2,2,2,2,2,2,2,2,2,2,2,2,2,2,2,2
21205,1,1,1,1,1,1,1,1,1,1,1,1,1,1,1,1,1
21209,2,2,2,2,2,2,2,2,2,2,2,2,2,2,2,2,2
21211,2,2,2,2,2,2,2,2,2,2,2,2,2,2,2,2,2
21219,1,1,1,1,1,1,1,1,1,1,1,1,1,1,1,1,1
21231,1,1,1,1,1,1,1,1,1,1,1,1,1,1,1,1,1
21235,1,1,1,1,1,1,1,1,1,1,1,1,1,1,1,1,1
21237,1,1,1,1,1,1,1,1,1,1,1,1,1,1,1,1,1
22001,1,1,1,1,1,1,1,1,1,1,1,1,1,1,1,1,1
22009,1,1,1,1,1,1,1,1,1,1,1,1,1,1,1,1,1
22011,1,1,1,1,1,1,1,1,1,1,1,1,1,1,1,1,1
22015,4,4,4,4,4,4,4,4,4,4,4,4,4,4,4,4,4
22017,12,12,12,12,12,12,12,12,12,12,12,12,12,12,12,12,12
22019,2,2,2,2,2,2,2,2,2,2,2,2,2,2,2,2,2
22033,12,12,12,12,12,12,12,12,12,12,12,12,12,12,12,12,12
22037,1,1,1,1,1,1,1,1,1,1,1,1,1,1,1,1,1
22039,2,2,2,2,2,2,2,2,2,2,2,2,2,2,2,2,2
22045,1,1,1,1,1,1,1,1,1,1,1,1,1,1,1,1,1
22047,1,1,1,1,1,1,1,1,1,1,1,1,1,1,1,1,1
22051,10,10,10,10,10,10,10,10,10,10,10,10,10,10,10,10,10
22055,2,2,2,2,2,2,2,2,2,2,2,2,2,2,2,2,2
22061,1,1,1,1,1,1,1,1,1,1,1,1,1,1,1,1,1
22063,2,2,2,2,2,2,2,2,2,2,2,2,2,2,2,2,2
22067,1,1,1,1,1,1,1,1,1,1,1,1,1,1,1,1,1
22071,7,7,7,7,7,7,7,7,7,7,7,7,7,7,7,7,7
22073,3,3,3,3,3,3,3,3,3,3,3,3,3,3,3,3,3
22079,3,3,3,3,3,3,3,3,3,3,3,3,3,3,3,3,3
22081,1,1,1,1,1,1,1,1,1,1,1,1,1,1,1,1,1
22085,1,1,1,1,1,1,1,1,1,1,1,1,1,1,1,1,1
22087,1,1,1,1,1,1,1,1,1,1,1,1,1,1,1,1,1
22091,1,1,1,1,1,1,1,1,1,1,1,1,1,1,1,1,1
22097,1,1,1,1,1,1,1,1,1,1,1,1,1,1,1,1,1
22099,1,1,1,1,1,1,1,1,1,1,1,1,1,1,1,1,1
22101,1,1,1,1,1,1,1,1,1,1,1,1,1,1,1,1,1
22103,6,6,6,6,6,6,6,6,6,6,6,6,6,6,6,6,6
22105,2,2,2,2,2,2,2,2,2,2,2,2,2,2,2,2,2
22109,4,4,4,4,4,4,4,4,4,4,4,4,4,4,4,4,4
22115,1,1,1,1,1,1,1,1,1,1,1,1,1,1,1,1,1
22127,2,2,2,2,2,2,2,2,2,2,2,2,2,2,2,2,2
23001,3,3,3,3,3,3,3,3,3,3,3,3,3,3,3,3,3
23003,3,3,3,3,3,3,3,3,3,3,3,3,3,3,3,3,3
23005,4,4,4,4,4,4,4,4,4,4,4,4,4,4,4,4,4
23011,1,1,1,1,1,1,1,1,1,1,1,1,1,1,1,1,1
23015,1,1,1,1,1,1,1,1,1,1,1,1,1,1,1,1,1
23017,1,1,1,1,1,1,1,1,1,1,1,1,1,1,1,1,1
23019,3,3,3,3,3,3,3,3,3,3,3,3,3,3,3,3,3
23031,1,1,1,1,1,1,1,1,1,1,1,1,1,1,1,1,1
24001,1,1,1,1,1,1,1,1,1,1,1,1,1,1,1,1,1
24003,3,3,3,3,3,3,3,3,3,3,3,3,3,3,3,3,3
24005,14,14,14,14,14,14,14,14,14,14,14,14,14,14,14,14,14
24013,1,1,1,1,1,1,1,1,1,1,1,1,1,1,1,1,1
24015,4,4,4,4,4,4,4,4,4,4,4,4,4,4,4,4,4
24017,1,1,1,1,1,1,1,1,1,1,1,1,1,1,1,1,1
24025,3,3,3,3,3,3,3,3,3,3,3,3,3,3,3,3,3
24027,3,3,3,3,3,3,3,3,3,3,3,3,3,3,3,3,3
24031,7,7,7,7,7,7,7,7,7,7,7,7,7,7,7,7,7
24033,11,11,11,11,11,11,11,11,11,11,11,11,11,11,11,11,11
24037,1,1,1,1,1,1,1,1,1,1,1,1,1,1,1,1,1
24045,2,2,2,2,2,2,2,2,2,2,2,2,2,2,2,2,2
24510,17,17,17,17,17,17,17,17,17,17,17,17,17,17,17,17,17
25003,1,1,1,1,1,1,1,1,1,1,1,1,1,1,1,1,1
25005,1,1,1,1,1,1,1,1,1,1,1,1,1,1,1,1,1
25009,4,4,4,4,4,4,4,4,4,4,4,4,4,4,4,4,4
25013,1,1,1,1,1,1,1,1,1,1,1,1,1,1,1,1,1
25017,4,4,4,4,4,4,4,4,4,4,4,4,4,4,4,4,4
25021,2,2,2,2,2,2,2,2,2,2,2,2,2,2,2,2,2
25023,2,2,2,2,2,2,2,2,2,2,2,2,2,2,2,2,2
25025,9,9,9,9,9,9,9,9,9,9,9,9,9,9,9,9,9
25027,3,3,3,3,3,3,3,3,3,3,3,3,3,3,3,3,3
26005,1,1,1,1,1,1,1,1,1,1,1,1,1,1,1,1,1
26017,1,1,1,1,1,1,1,1,1,1,1,1,1,1,1,1,1
26021,2,2,2,2,2,2,2,2,2,2,2,2,2,2,2,2,2
26025,4,4,4,4,4,4,4,4,4,4,4,4,4,4,4,4,4
26029,1,1,1,1,1,1,1,1,1,1,1,1,1,1,1,1,1
26035,1,1,1,1,1,1,1,1,1,1,1,1,1,1,1,1,1
26045,3,3,3,3,3,3,3,3,3,3,3,3,3,3,3,3,3
26049,2,2,2,2,2,2,2,2,2,2,2,2,2,2,2,2,2
26051,1,1,1,1,1,1,1,1,1,1,1,1,1,1,1,1,1
26065,2,2,2,2,2,2,2,2,2,2,2,2,2,2,2,2,2
26073,1,1,1,1,1,1,1,1,1,1,1,1,1,1,1,1,1
26075,4,4,4,4,4,4,4,4,4,4,4,4,4,4,4,4,4
26077,4,4,4,4,4,4,4,4,4,4,4,4,4,4,4,4,4
26081,7,7,7,7,7,7,7,7,7,7,7,7,7,7,7,7,7
26093,1,1,1,1,1,1,1,1,1,1,1,1,1,1,1,1,1
26097,1,1,1,1,1,1,1,1,1,1,1,1,1,1,1,1,1
26099,2,2,2,2,2,2,2,2,2,2,2,2,2,2,2,2,2
26101,1,1,1,1,1,1,1,1,1,1,1,1,1,1,1,1,1
26103,1,1,1,1,1,1,1,1,1,1,1,1,1,1,1,1,1
26111,1,1,1,1,1,1,1,1,1,1,1,1,1,1,1,1,1
26117,1,1,1,1,1,1,1,1,1,1,1,1,1,1,1,1,1
26125,7,7,7,7,7,7,7,7,7,7,7,7,7,7,7,7,7
26133,1,1,1,1,1,1,1,1,1,1,1,1,1,1,1,1,1
26139,1,1,1,1,1,1,1,1,1,1,1,1,1,1,1,1,1
26145,2,2,2,2,2,2,2,2,2,2,2,2,2,2,2,2,2
26147,1,1,1,1,1,1,1,1,1,1,1,1,1,1,1,1,1
26163,17,17,17,17,17,17,17,17,17,17,17,17,17,17,17,17,17
27001,1,1,1,1,1,1,1,1,1,1,1,1,1,1,1,1,1
27003,2,2,2,2,2,2,2,2,2,2,2,2,2,2,2,2,2
27007,1,1,1,1,1,1,1,1,1,1,1,1,1,1,1,1,1
27013,1,1,1,1,1,1,1,1,1,1,1,1,1,1,1,1,1
27019,2,2,2,2,2,2,2,2,2,2,2,2,2,2,2,2,2
27021,1,1,1,1,1,1,1,1,1,1,1,1,1,1,1,1,1
27037,6,6,6,6,6,6,6,6,6,6,6,6,6,6,6,6,6
27041,2,2,2,2,2,2,2,2,2,2,2,2,2,2,2,2,2
27045,1,1,1,1,1,1,1,1,1,1,1,1,1,1,1,1,1
27051,1,1,1,1,1,1,1,1,1,1,1,1,1,1,1,1,1
27053,12,12,12,12,12,12,12,12,12,12,12,12,12,12,12,12,12
27061,1,1,1,1,1,1,1,1,1,1,1,1,1,1,1,1,1
27065,1,1,1,1,1,1,1,1,1,1,1,1,1,1,1,1,1
27085,1,1,1,1,1,1,1,1,1,1,1,1,1,1,1,1,1
27091,1,1,1,1,1,1,1,1,1,1,1,1,1,1,1,1,1
27095,1,1,1,1,1,1,1,1,1,1,1,1,1,1,1,1,1
27099,1,1,1,1,1,1,1,1,1,1,1,1,1,1,1,1,1
27103,1,1,1,1,1,1,1,1,1,1,1,1,1,1,1,1,1
27123,11,11,11,11,11,11,11,11,11,11,11,11,11,11,11,11,11
27137,1,1,1,1,1,1,1,1,1,1,1,1,1,1,1,1,1
27139,1,1,1,1,1,1,1,1,1,1,1,1,1,1,1,1,1
27145,2,2,2,2,2,2,2,2,2,2,2,2,2,2,2,2,2
27163,2,2,2,2,2,2,2,2,2,2,2,2,2,2,2,2,2
27165,1,1,1,1,1,1,1,1,1,1,1,1,1,1,1,1,1
28027,1,1,1,1,1,1,1,1,1,1,1,1,1,1,1,1,1
28033,3,3,3,3,3,3,3,3,3,3,3,3,3,3,3,3,3
28035,2,2,2,2,2,2,2,2,2,2,2,2,2,2,2,2,2
28039,2,2,2,2,2,2,2,2,2,2,2,2,2,2,2,2,2
28043,1,1,1,1,1,1,1,1,1,1,1,1,1,1,1,1,1
28045,1,1,1,1,1,1,1,1,1,1,1,1,1,1,1,1,1
28047,6,6,6,6,6,6,6,6,6,6,6,6,6,6,6,6,6
28049,4,4,4,4,4,4,4,4,4,4,4,4,4,4,4,4,4
28059,3,3,3,3,3,3,3,3,3,3,3,3,3,3,3,3,3
28063,1,1,1,1,1,1,1,1,1,1,1,1,1,1,1,1,1
28071,1,1,1,1,1,1,1,1,1,1,1,1,1,1,1,1,1
28073,2,2,2,2,2,2,2,2,2,2,2,2,2,2,2,2,2
28075,3,3,3,3,3,3,3,3,3,3,3,3,3,3,3,3,3
28081,2,2,2,2,2,2,2,2,2,2,2,2,2,2,2,2,2
28085,1,1,1,1,1,1,1,1,1,1,1,1,1,1,1,1,1
28087,4,4,4,4,4,4,4,4,4,4,4,4,4,4,4,4,4
28089,1,1,1,1,1,1,1,1,1,1,1,1,1,1,1,1,1
28095,2,2,2,2,2,2,2,2,2,2,2,2,2,2,2,2,2
28099,1,1,1,1,1,1,1,1,1,1,1,1,1,1,1,1,1
28107,1,1,1,1,1,1,1,1,1,1,1,1,1,1,1,1,1
28109,1,1,1,1,1,1,1,1,1,1,1,1,1,1,1,1,1
28113,1,1,1,1,1,1,1,1,1,1,1,1,1,1,1,1,1
28115,1,1,1,1,1,1,1,1,1,1,1,1,1,1,1,1,1
28121,2,2,2,2,2,2,2,2,2,2,2,2,2,2,2,2,2
28131,1,1,1,1,1,1,1,1,1,1,1,1,1,1,1,1,1
28141,2,2,2,2,2,2,2,2,2,2,2,2,2,2,2,2,2
28151,1,1,1,1,1,1,1,1,1,1,1,1,1,1,1,1,1
28161,2,2,2,2,2,2,2,2,2,2,2,2,2,2,2,2,2
29011,1,1,1,1,1,1,1,1,1,1,1,1,1,1,1,1,1
29019,2,2,2,2,2,2,2,2,2,2,2,2,2,2,2,2,2
29021,3,3,3,3,3,3,3,3,3,3,3,3,3,3,3,3,3
29023,1,1,1,1,1,1,1,1,1,1,1,1,1,1,1,1,1
29027,1,1,1,1,1,1,1,1,1,1,1,1,1,1,1,1,1
29031,1,1,1,1,1,1,1,1,1,1,1,1,1,1,1,1,1
29037,1,1,1,1,1,1,1,1,1,1,1,1,1,1,1,1,1
29043,1,1,1,1,1,1,1,1,1,1,1,1,1,1,1,1,1
29047,5,5,5,5,5,5,5,5,5,5,5,5,5,5,5,5,5
29051,1,1,1,1,1,1,1,1,1,1,1,1,1,1,1,1,1
29055,1,1,1,1,1,1,1,1,1,1,1,1,1,1,1,1,1
29063,1,1,1,1,1,1,1,1,1,1,1,1,1,1,1,1,1
29077,7,7,7,7,7,7,7,7,7,7,7,7,7,7,7,7,7
29083,1,1,1,1,1,1,1,1,1,1,1,1,1,1,1,1,1
29091,1,1,1,1,1,1,1,1,1,1,1,1,1,1,1,1,1
29095,27,27,27,27,27,27,27,27,27,27,27,27,27,27,27,27,27
29097,2,2,2,2,2,2,2,2,2,2,2,2,2,2,2,2,2
29101,1,1,1,1,1,1,1,1,1,1,1,1,1,1,1,1,1
29105,1,1,1,1,1,1,1,1,1,1,1,1,1,1,1,1,1
29107,1,1,1,1,1,1,1,1,1,1,1,1,1,1,1,1,1
29109,2,2,2,2,2,2,2,2,2,2,2,2,2,2,2,2,2
29143,1,1,1,1,1,1,1,1,1,1,1,1,1,1,1,1,1
29145,1,1,1,1,1,1,1,1,1,1,1,1,1,1,1,1,1
29159,2,2,2,2,2,2,2,2,2,2,2,2,2,2,2,2,2
29183,1,1,1,1,1,1,1,1,1,1,1,1,1,1,1,1,1
29187,1,1,1,1,1,1,1,1,1,1,1,1,1,1,1,1,1
29189,13,13,13,13,13,13,13,13,13,13,13,13,13,13,13,13,13
29209,1,1,1,1,1,1,1,1,1,1,1,1,1,1,1,1,1
29229,1,1,1,1,1,1,1,1,1,1,1,1,1,1,1,1,1
29510,24,24,24,24,24,24,24,24,24,24,24,24,24,24,24,24,24
30001,1,1,1,1,1,1,1,1,1,1,1,1,1,1,1,1,1
30003,1,1,1,1,1,1,1,1,1,1,1,1,1,1,1,1,1
30013,3,3,3,3,3,3,3,3,3,3,3,3,3,3,3,3,3
30031,2,2,2,2,2,2,2,2,2,2,2,2,2,2,2,2,2
30063,3,3,3,3,3,3,3,3,3,3,3,3,3,3,3,3,3
30067,1,1,1,1,1,1,1,1,1,1,1,1,1,1,1,1,1
30071,1,1,1,1,1,1,1,1,1,1,1,1,1,1,1,1,1
30093,1,1,1,1,1,1,1,1,1,1,1,1,1,1,1,1,1
30111,7,7,7,7,7,7,7,7,7,7,7,7,7,7,7,7,7
31025,1,1,1,1,1,1,1,1,1,1,1,1,1,1,1,1,1
31033,1,1,1,1,1,1,1,1,1,1,1,1,1,1,1,1,1
31041,1,1,1,1,1,1,1,1,1,1,1,1,1,1,1,1,1
31043,1,1,1,1,1,1,1,1,1,1,1,1,1,1,1,1,1
31049,1,1,1,1,1,1,1,1,1,1,1,1,1,1,1,1,1
31055,9,9,9,9,9,9,9,9,9,9,9,9,9,9,9,9,9
31079,2,2,2,2,2,2,2,2,2,2,2,2,2,2,2,2,2
31109,2,2,2,2,2,2,2,2,2,2,2,2,2,2,2,2,2
31153,1,1,1,1,1,1,1,1,1,1,1,1,1,1,1,1,1
31161,1,1,1,1,1,1,1,1,1,1,1,1,1,1,1,1,1
31177,1,1,1,1,1,1,1,1,1,1,1,1,1,1,1,1,1
31185,1,1,1,1,1,1,1,1,1,1,1,1,1,1,1,1,1
32003,51,51,51,51,51,51,51,51,51,51,51,51,51,51,51,51,51
32005,1,1,1,1,1,1,1,1,1,1,1,1,1,1,1,1,1
32007,3,3,3,3,3,3,3,3,3,3,3,3,3,3,3,3,3
32019,2,2,2,2,2,2,2,2,2,2,2,2,2,2,2,2,2
32023,4,4,4,4,4,4,4,4,4,4,4,4,4,4,4,4,4
32031,15,15,15,15,15,15,15,15,15,15,15,15,15,15,15,15,15
32510,3,3,3,3,3,3,3,3,3,3,3,3,3,3,3,3,3
33001,1,1,1,1,1,1,1,1,1,1,1,1,1,1,1,1,1
33009,1,1,1,1,1,1,1,1,1,1,1,1,1,1,1,1,1
33011,4,4,4,4,4,4,4,4,4,4,4,4,4,4,4,4,4
33015,3,3,3,3,3,3,3,3,3,3,3,3,3,3,3,3,3
33017,1,1,1,1,1,1,1,1,1,1,1,1,1,1,1,1,1
33019,1,1,1,1,1,1,1,1,1,1,1,1,1,1,1,1,1
34001,5,5,5,5,5,5,5,5,5,5,5,5,5,5,5,5,5
34003,3,3,3,3,3,3,3,3,3,3,3,3,3,3,3,3,3
34005,1,1,1,1,1,1,1,1,1,1,1,1,1,1,1,1,1
34007,3,3,3,3,3,3,3,3,3,3,3,3,3,3,3,3,3
34011,5,5,5,5,5,5,5,5,5,5,5,5,5,5,5,5,5
34013,10,10,10,10,10,10,10,10,10,10,10,10,10,10,10,10,10
34015,2,2,2,2,2,2,2,2,2,2,2,2,2,2,2,2,2
34017,3,3,3,3,3,3,3,3,3,3,3,3,3,3,3,3,3
34021,3,3,3,3,3,3,3,3,3,3,3,3,3,3,3,3,3
34023,2,2,2,2,2,2,2,2,2,2,2,2,2,2,2,2,2
34025,3,3,3,3,3,3,3,3,3,3,3,3,3,3,3,3,3
34029,7,7,7,7,7,7,7,7,7,7,7,7,7,7,7,7,7
34031,4,4,4,4,4,4,4,4,4,4,4,4,4,4,4,4,4
34035,1,1,1,1,1,1,1,1,1,1,1,1,1,1,1,1,1
34037,1,1,1,1,1,1,1,1,1,1,1,1,1,1,1,1,1
34041,2,2,2,2,2,2,2,2,2,2,2,2,2,2,2,2,2
35001,29,29,29,29,29,29,29,29,29,29,29,29,29,29,29,29,29
35005,2,2,2,2,2,2,2,2,2,2,2,2,2,2,2,2,2
35006,1,1,1,1,1,1,1,1,1,1,1,1,1,1,1,1,1
35007,1,1,1,1,1,1,1,1,1,1,1,1,1,1,1,1,1
35009,1,1,1,1,1,1,1,1,1,1,1,1,1,1,1,1,1
35011,1,1,1,1,1,1,1,1,1,1,1,1,1,1,1,1,1
35013,9,9,9,9,9,9,9,9,9,9,9,9,9,9,9,9,9
35015,1,1,1,1,1,1,1,1,1,1,1,1,1,1,1,1,1
35025,5,5,5,5,5,5,5,5,5,5,5,5,5,5,5,5,5
35027,5,5,5,5,5,5,5,5,5,5,5,5,5,5,5,5,5
35029,3,3,3,3,3,3,3,3,3,3,3,3,3,3,3,3,3
35031,1,1,1,1,1,1,1,1,1,1,1,1,1,1,1,1,1
35035,2,2,2,2,2,2,2,2,2,2,2,2,2,2,2,2,2
35037,1,1,1,1,1,1,1,1,1,1,1,1,1,1,1,1,1
35043,1,1,1,1,1,1,1,1,1,1,1,1,1,1,1,1,1
35045,4,4,4,4,4,4,4,4,4,4,4,4,4,4,4,4,4
35047,1,1,1,1,1,1,1,1,1,1,1,1,1,1,1,1,1
35049,4,4,4,4,4,4,4,4,4,4,4,4,4,4,4,4,4
35051,1,1,1,1,1,1,1,1,1,1,1,1,1,1,1,1,1
35053,1,1,1,1,1,1,1,1,1,1,1,1,1,1,1,1,1
35055,3,3,3,3,3,3,3,3,3,3,3,3,3,3,3,3,3
35061,3,3,3,3,3,3,3,3,3,3,3,3,3,3,3,3,3
36001,3,3,3,3,3,3,3,3,3,3,3,3,3,3,3,3,3
36005,9,9,9,9,9,9,9,9,9,9,9,9,9,9,9,9,9
36007,1,1,1,1,1,1,1,1,1,1,1,1,1,1,1,1,1
36013,1,1,1,1,1,1,1,1,1,1,1,1,1,1,1,1,1
36015,2,2,2,2,2,2,2,2,2,2,2,2,2,2,2,2,2
36025,1,1,1,1,1,1,1,1,1,1,1,1,1,1,1,1,1
36027,2,2,2,2,2,2,2,2,2,2,2,2,2,2,2,2,2
36029,5,5,5,5,5,5,5,5,5,5,5,5,5,5,5,5,5
36033,1,1,1,1,1,1,1,1,1,1,1,1,1,1,1,1,1
36037,1,1,1,1,1,1,1,1,1,1,1,1,1,1,1,1,1
36047,14,14,14,14,14,14,14,14,14,14,14,14,14,14,14,14,14
36051,1,1,1,1,1,1,1,1,1,1,1,1,1,1,1,1,1
36055,4,4,4,4,4,4,4,4,4,4,4,4,4,4,4,4,4
36059,1,1,1,1,1,1,1,1,1,1,1,1,1,1,1,1,1
36061,6,6,6,6,6,6,6,6,6,6,6,6,6,6,6,6,6
36067,5,5,5,5,5,5,5,5,5,5,5,5,5,5,5,5,5
36069,1,1,1,1,1,1,1,1,1,1,1,1,1,1,1,1,1
36071,4,4,4,4,4,4,4,4,4,4,4,4,4,4,4,4,4
36073,1,1,1,1,1,1,1,1,1,1,1,1,1,1,1,1,1
36075,1,1,1,1,1,1,1,1,1,1,1,1,1,1,1,1,1
36081,5,5,5,5,5,5,5,5,5,5,5,5,5,5,5,5,5
36085,2,2,2,2,2,2,2,2,2,2,2,2,2,2,2,2,2
36087,1,1,1,1,1,1,1,1,1,1,1,1,1,1,1,1,1
36089,1,1,1,1,1,1,1,1,1,1,1,1,1,1,1,1,1
36091,1,1,1,1,1,1,1,1,1,1,1,1,1,1,1,1,1
36093,4,4,4,4,4,4,4,4,4,4,4,4,4,4,4,4,4
36103,3,3,3,3,3,3,3,3,3,3,3,3,3,3,3,3,3
36109,1,1,1,1,1,1,1,1,1,1,1,1,1,1,1,1,1
36119,3,3,3,3,3,3,3,3,3,3,3,3,3,3,3,3,3
37001,3,3,3,3,3,3,3,3,3,3,3,3,3,3,3,3,3
37005,1,1,1,1,1,1,1,1,1,1,1,1,1,1,1,1,1
37007,4,4,4,4,4,4,4,4,4,4,4,4,4,4,4,4,4
37009,1,1,1,1,1,1,1,1,1,1,1,1,1,1,1,1,1
37017,2,2,2,2,2,2,2,2,2,2,2,2,2,2,2,2,2
37019,1,1,1,1,1,1,1,1,1,1,1,1,1,1,1,1,1
37021,2,2,2,2,2,2,2,2,2,2,2,2,2,2,2,2,2
37023,1,1,1,1,1,1,1,1,1,1,1,1,1,1,1,1,1
37027,5,5,5,5,5,5,5,5,5,5,5,5,5,5,5,5,5
37035,2,2,2,2,2,2,2,2,2,2,2,2,2,2,2,2,2
37045,3,3,3,3,3,3,3,3,3,3,3,3,3,3,3,3,3
37049,1,1,1,1,1,1,1,1,1,1,1,1,1,1,1,1,1
37051,4,4,4,4,4,4,4,4,4,4,4,4,4,4,4,4,4
37057,5,5,5,5,5,5,5,5,5,5,5,5,5,5,5,5,5
37061,1,1,1,1,1,1,1,1,1,1,1,1,1,1,1,1,1
37063,6,6,6,6,6,6,6,6,6,6,6,6,6,6,6,6,6
37065,2,2,2,2,2,2,2,2,2,2,2,2,2,2,2,2,2
37067,3,3,3,3,3,3,3,3,3,3,3,3,3,3,3,3,3
37071,6,6,6,6,6,6,6,6,6,6,6,6,6,6,6,6,6
37081,4,4,4,4,4,4,4,4,4,4,4,4,4,4,4,4,4
37085,1,1,1,1,1,1,1,1,1,1,1,1,1,1,1,1,1
37087,1,1,1,1,1,1,1,1,1,1,1,1,1,1,1,1,1
37089,3,3,3,3,3,3,3,3,3,3,3,3,3,3,3,3,3
37091,1,1,1,1,1,1,1,1,1,1,1,1,1,1,1,1,1
37097,2,2,2,2,2,2,2,2,2,2,2,2,2,2,2,2,2
37105,1,1,1,1,1,1,1,1,1,1,1,1,1,1,1,1,1
37107,1,1,1,1,1,1,1,1,1,1,1,1,1,1,1,1,1
37109,1,1,1,1,1,1,1,1,1,1,1,1,1,1,1,1,1
37113,2,2,2,2,2,2,2,2,2,2,2,2,2,2,2,2,2
37119,16,16,16,16,16,16,16,16,16,16,16,16,16,16,16,16,16
37125,2,2,2,2,2,2,2,2,2,2,2,2,2,2,2,2,2
37127,1,1,1,1,1,1,1,1,1,1,1,1,1,1,1,1,1
37129,2,2,2,2,2,2,2,2,2,2,2,2,2,2,2,2,2
37131,1,1,1,1,1,1,1,1,1,1,1,1,1,1,1,1,1
37133,1,1,1,1,1,1,1,1,1,1,1,1,1,1,1,1,1
37135,1,1,1,1,1,1,1,1,1,1,1,1,1,1,1,1,1
37145,2,2,2,2,2,2,2,2,2,2,2,2,2,2,2,2,2
37147,4,4,4,4,4,4,4,4,4,4,4,4,4,4,4,4,4
37151,4,4,4,4,4,4,4,4,4,4,4,4,4,4,4,4,4
37155,1,1,1,1,1,1,1,1,1,1,1,1,1,1,1,1,1
37157,1,1,1,1,1,1,1,1,1,1,1,1,1,1,1,1,1
37159,2,2,2,2,2,2,2,2,2,2,2,2,2,2,2,2,2
37161,1,1,1,1,1,1,1,1,1,1,1,1,1,1,1,1,1
37163,3,3,3,3,3,3,3,3,3,3,3,3,3,3,3,3,3
37169,1,1,1,1,1,1,1,1,1,1,1,1,1,1,1,1,1
37171,1,1,1,1,1,1,1,1,1,1,1,1,1,1,1,1,1
37175,1,1,1,1,1,1,1,1,1,1,1,1,1,1,1,1,1
37179,1,1,1,1,1,1,1,1,1,1,1,1,1,1,1,1,1
37181,1,1,1,1,1,1,1,1,1,1,1,1,1,1,1,1,1
37183,9,9,9,9,9,9,9,9,9,9,9,9,9,9,9,9,9
37189,1,1,1,1,1,1,1,1,1,1,1,1,1,1,1,1,1
37193,2,2,2,2,2,2,2,2,2,2,2,2,2,2,2,2,2
37195,1,1,1,1,1,1,1,1,1,1,1,1,1,1,1,1,1
37197,1,1,1,1,1,1,1,1,1,1,1,1,1,1,1,1,1
38005,1,1,1,1,1,1,1,1,1,1,1,1,1,1,1,1,1
38015,1,1,1,1,1,1,1,1,1,1,1,1,1,1,1,1,1
38035,1,1,1,1,1,1,1,1,1,1,1,1,1,1,1,1,1
38059,1,1,1,1,1,1,1,1,1,1,1,1,1,1,1,1,1
38071,1,1,1,1,1,1,1,1,1,1,1,1,1,1,1,1,1
38085,1,1,1,1,1,1,1,1,1,1,1,1,1,1,1,1,1
38089,1,1,1,1,1,1,1,1,1,1,1,1,1,1,1,1,1
38093,1,1,1,1,1,1,1,1,1,1,1,1,1,1,1,1,1
39003,1,1,1,1,1,1,1,1,1,1,1,1,1,1,1,1,1
39007,4,4,4,4,4,4,4,4,4,4,4,4,4,4,4,4,4
39009,1,1,1,1,1,1,1,1,1,1,1,1,1,1,1,1,1
39013,1,1,1,1,1,1,1,1,1,1,1,1,1,1,1,1,1
39017,5,5,5,5,5,5,5,5,5,5,5,5,5,5,5,5,5
39019,1,1,1,1,1,1,1,1,1,1,1,1,1,1,1,1,1
39023,1,1,1,1,1,1,1,1,1,1,1,1,1,1,1,1,1
39025,1,1,1,1,1,1,1,1,1,1,1,1,1,1,1,1,1
39033,1,1,1,1,1,1,1,1,1,1,1,1,1,1,1,1,1
39035,12,12,12,12,12,12,12,12,12,12,12,12,12,12,12,12,12
39039,1,1,1,1,1,1,1,1,1,1,1,1,1,1,1,1,1
39041,1,1,1,1,1,1,1,1,1,1,1,1,1,1,1,1,1
39045,1,1,1,1,1,1,1,1,1,1,1,1,1,1,1,1,1
39047,2,2,2,2,2,2,2,2,2,2,2,2,2,2,2,2,2
39049,28,28,28,28,28,28,28,28,28,28,28,28,28,28,28,28,28
39057,1,1,1,1,1,1,1,1,1,1,1,1,1,1,1,1,1
39059,1,1,1,1,1,1,1,1,1,1,1,1,1,1,1,1,1
39061,8,8,8,8,8,8,8,8,8,8,8,8,8,8,8,8,8
39063,1,1,1,1,1,1,1,1,1,1,1,1,1,1,1,1,1
39079,1,1,1,1,1,1,1,1,1,1,1,1,1,1,1,1,1
39081,1,1,1,1,1,1,1,1,1,1,1,1,1,1,1,1,1
39085,2,2,2,2,2,2,2,2,2,2,2,2,2,2,2,2,2
39093,1,1,1,1,1,1,1,1,1,1,1,1,1,1,1,1,1
39095,5,5,5,5,5,5,5,5,5,5,5,5,5,5,5,5,5
39099,1,1,1,1,1,1,1,1,1,1,1,1,1,1,1,1,1
39103,1,1,1,1,1,1,1,1,1,1,1,1,1,1,1,1,1
39107,1,1,1,1,1,1,1,1,1,1,1,1,1,1,1,1,1
39113,12,12,12,12,12,12,12,12,12,12,12,12,12,12,12,12,12
39119,1,1,1,1,1,1,1,1,1,1,1,1,1,1,1,1,1
39127,1,1,1,1,1,1,1,1,1,1,1,1,1,1,1,1,1
39129,1,1,1,1,1,1,1,1,1,1,1,1,1,1,1,1,1
39131,2,2,2,2,2,2,2,2,2,2,2,2,2,2,2,2,2
39133,2,2,2,2,2,2,2,2,2,2,2,2,2,2,2,2,2
39139,3,3,3,3,3,3,3,3,3,3,3,3,3,3,3,3,3
39147,1,1,1,1,1,1,1,1,1,1,1,1,1,1,1,1,1
39151,2,2,2,2,2,2,2,2,2,2,2,2,2,2,2,2,2
39153,10,10,10,10,10,10,10,10,10,10,10,10,10,10,10,10,10
39155,3,3,3,3,3,3,3,3,3,3,3,3,3,3,3,3,3
39157,1,1,1,1,1,1,1,1,1,1,1,1,1,1,1,1,1
39161,1,1,1,1,1,1,1,1,1,1,1,1,1,1,1,1,1
39167,1,1,1,1,1,1,1,1,1,1,1,1,1,1,1,1,1
39171,1,1,1,1,1,1,1,1,1,1,1,1,1,1,1,1,1
39173,1,1,1,1,1,1,1,1,1,1,1,1,1,1,1,1,1
40001,2,2,2,2,2,2,2,2,2,2,2,2,2,2,2,2,2
40013,1,1,1,1,1,1,1,1,1,1,1,1,1,1,1,1,1
40017,1,1,1,1,1,1,1,1,1,1,1,1,1,1,1,1,1
40019,2,2,2,2,2,2,2,2,2,2,2,2,2,2,2,2,2
40021,5,5,5,5,5,5,5,5,5,5,5,5,5,5,5,5,5
40023,2,2,2,2,2,2,2,2,2,2,2,2,2,2,2,2,2
40027,6,6,6,6,6,6,6,6,6,6,6,6,6,6,6,6,6
40029,1,1,1,1,1,1,1,1,1,1,1,1,1,1,1,1,1
40031,2,2,2,2,2,2,2,2,2,2,2,2,2,2,2,2,2
40037,2,2,2,2,2,2,2,2,2,2,2,2,2,2,2,2,2
40041,2,2,2,2,2,2,2,2,2,2,2,2,2,2,2,2,2
40047,1,1,1,1,1,1,1,1,1,1,1,1,1,1,1,1,1
40051,3,3,3,3,3,3,3,3,3,3,3,3,3,3,3,3,3
40069,1,1,1,1,1,1,1,1,1,1,1,1,1,1,1,1,1
40071,1,1,1,1,1,1,1,1,1,1,1,1,1,1,1,1,1
40073,1,1,1,1,1,1,1,1,1,1,1,1,1,1,1,1,1
40079,3,3,3,3,3,3,3,3,3,3,3,3,3,3,3,3,3
40081,1,1,1,1,1,1,1,1,1,1,1,1,1,1,1,1,1
40083,3,3,3,3,3,3,3,3,3,3,3,3,3,3,3,3,3
40087,1,1,1,1,1,1,1,1,1,1,1,1,1,1,1,1,1
40089,3,3,3,3,3,3,3,3,3,3,3,3,3,3,3,3,3
40091,1,1,1,1,1,1,1,1,1,1,1,1,1,1,1,1,1
40101,4,4,4,4,4,4,4,4,4,4,4,4,4,4,4,4,4
40103,1,1,1,1,1,1,1,1,1,1,1,1,1,1,1,1,1
40109,25,25,25,25,25,25,25,25,25,25,25,25,25,25,25,25,25
40111,4,4,4,4,4,4,4,4,4,4,4,4,4,4,4,4,4
40113,2,2,2,2,2,2,2,2,2,2,2,2,2,2,2,2,2
40115,2,2,2,2,2,2,2,2,2,2,2,2,2,2,2,2,2
40119,3,3,3,3,3,3,3,3,3,3,3,3,3,3,3,3,3
40121,4,4,4,4,4,4,4,4,4,4,4,4,4,4,4,4,4
40123,2,2,2,2,2,2,2,2,2,2,2,2,2,2,2,2,2
40125,3,3,3,3,3,3,3,3,3,3,3,3,3,3,3,3,3
40131,3,3,3,3,3,3,3,3,3,3,3,3,3,3,3,3,3
40133,1,1,1,1,1,1,1,1,1,1,1,1,1,1,1,1,1
40135,5,5,5,5,5,5,5,5,5,5,5,5,5,5,5,5,5
40143,23,23,23,23,23,23,23,23,23,23,23,23,23,23,23,23,23
40145,3,3,3,3,3,3,3,3,3,3,3,3,3,3,3,3,3
40147,2,2,2,2,2,2,2,2,2,2,2,2,2,2,2,2,2
40149,2,2,2,2,2,2,2,2,2,2,2,2,2,2,2,2,2
41005,6,6,6,6,6,6,6,6,6,6,6,6,6,6,6,6,6
41007,2,2,2,2,2,2,2,2,2,2,2,2,2,2,2,2,2
41011,1,1,1,1,1,1,1,1,1,1,1,1,1,1,1,1,1
41017,3,3,3,3,3,3,3,3,3,3,3,3,3,3,3,3,3
41025,1,1,1,1,1,1,1,1,1,1,1,1,1,1,1,1,1
41029,3,3,3,3,3,3,3,3,3,3,3,3,3,3,3,3,3
41033,3,3,3,3,3,3,3,3,3,3,3,3,3,3,3,3,3
41035,2,2,2,2,2,2,2,2,2,2,2,2,2,2,2,2,2
41039,11,11,11,11,11,11,11,11,11,11,11,11,11,11,11,11,11
41045,1,1,1,1,1,1,1,1,1,1,1,1,1,1,1,1,1
41047,3,3,3,3,3,3,3,3,3,3,3,3,3,3,3,3,3
41051,15,15,15,15,15,15,15,15,15,15,15,15,15,15,15,15,15
41053,2,2,2,2,2,2,2,2,2,2,2,2,2,2,2,2,2
41067,12,12,12,12,12,12,12,12,12,12,12,12,12,12,12,12,12
41071,1,1,1,1,1,1,1,1,1,1,1,1,1,1,1,1,1
42001,2,2,2,2,2,2,2,2,2,2,2,2,2,2,2,2,2
42003,13,13,13,13,13,13,13,13,13,13,13,13,13,13,13,13,13
42011,2,2,2,2,2,2,2,2,2,2,2,2,2,2,2,2,2
42013,1,1,1,1,1,1,1,1,1,1,1,1,1,1,1,1,1
42017,1,1,1,1,1,1,1,1,1,1,1,1,1,1,1,1,1
42019,1,1,1,1,1,1,1,1,1,1,1,1,1,1,1,1,1
42021,1,1,1,1,1,1,1,1,1,1,1,1,1,1,1,1,1
42025,1,1,1,1,1,1,1,1,1,1,1,1,1,1,1,1,1
42027,1,1,1,1,1,1,1,1,1,1,1,1,1,1,1,1,1
42029,1,1,1,1,1,1,1,1,1,1,1,1,1,1,1,1,1
42043,3,3,3,3,3,3,3,3,3,3,3,3,3,3,3,3,3
42045,5,5,5,5,5,5,5,5,5,5,5,5,5,5,5,5,5
42051,2,2,2,2,2,2,2,2,2,2,2,2,2,2,2,2,2
42057,1,1,1,1,1,1,1,1,1,1,1,1,1,1,1,1,1
42071,5,5,5,5,5,5,5,5,5,5,5,5,5,5,5,5,5
42073,1,1,1,1,1,1,1,1,1,1,1,1,1,1,1,1,1
42075,2,2,2,2,2,2,2,2,2,2,2,2,2,2,2,2,2
42077,4,4,4,4,4,4,4,4,4,4,4,4,4,4,4,4,4
42079,2,2,2,2,2,2,2,2,2,2,2,2,2,2,2,2,2
42085,1,1,1,1,1,1,1,1,1,1,1,1,1,1,1,1,1
42087,1,1,1,1,1,1,1,1,1,1,1,1,1,1,1,1,1
42089,1,1,1,1,1,1,1,1,1,1,1,1,1,1,1,1,1
42091,1,1,1,1,1,1,1,1,1,1,1,1,1,1,1,1,1
42095,2,2,2,2,2,2,2,2,2,2,2,2,2,2,2,2,2
42099,1,1,1,1,1,1,1,1,1,1,1,1,1,1,1,1,1
42101,16,16,16,16,16,16,16,16,16,16,16,16,16,16,16,16,16
42111,1,1,1,1,1,1,1,1,1,1,1,1,1,1,1,1,1
42113,1,1,1,1,1,1,1,1,1,1,1,1,1,1,1,1,1
42117,1,1,1,1,1,1,1,1,1,1,1,1,1,1,1,1,1
42123,1,1,1,1,1,1,1,1,1,1,1,1,1,1,1,1,1
42125,3,3,3,3,3,3,3,3,3,3,3,3,3,3,3,3,3
42127,1,1,1,1,1,1,1,1,1,1,1,1,1,1,1,1,1
42129,3,3,3,3,3,3,3,3,3,3,3,3,3,3,3,3,3
42133,4,4,4,4,4,4,4,4,4,4,4,4,4,4,4,4,4
44005,1,1,1,1,1,1,1,1,1,1,1,1,1,1,1,1,1
44007,1,1,1,1,1,1,1,1,1,1,1,1,1,1,1,1,1
45003,2,2,2,2,2,2,2,2,2,2,2,2,2,2,2,2,2
45007,3,3,3,3,3,3,3,3,3,3,3,3,3,3,3,3,3
45013,1,1,1,1,1,1,1,1,1,1,1,1,1,1,1,1,1
45015,3,3,3,3,3,3,3,3,3,3,3,3,3,3,3,3,3
45017,1,1,1,1,1,1,1,1,1,1,1,1,1,1,1,1,1
45019,6,6,6,6,6,6,6,6,6,6,6,6,6,6,6,6,6
45021,1,1,1,1,1,1,1,1,1,1,1,1,1,1,1,1,1
45023,2,2,2,2,2,2,2,2,2,2,2,2,2,2,2,2,2
45029,1,1,1,1,1,1,1,1,1,1,1,1,1,1,1,1,1
45031,3,3,3,3,3,3,3,3,3,3,3,3,3,3,3,3,3
45033,2,2,2,2,2,2,2,2,2,2,2,2,2,2,2,2,2
45035,1,1,1,1,1,1,1,1,1,1,1,1,1,1,1,1,1
45041,4,4,4,4,4,4,4,4,4,4,4,4,4,4,4,4,4
45045,12,12,12,12,12,12,12,12,12,12,12,12,12,12,12,12,12
45047,1,1,1,1,1,1,1,1,1,1,1,1,1,1,1,1,1
45051,4,4,4,4,4,4,4,4,4,4,4,4,4,4,4,4,4
45053,2,2,2,2,2,2,2,2,2,2,2,2,2,2,2,2,2
45057,1,1,1,1,1,1,1,1,1,1,1,1,1,1,1,1,1
45063,8,8,8,8,8,8,8,8,8,8,8,8,8,8,8,8,8
45079,2,2,2,2,2,2,2,2,2,2,2,2,2,2,2,2,2
45083,7,7,7,7,7,7,7,7,7,7,7,7,7,7,7,7,7
45085,1,1,1,1,1,1,1,1,1,1,1,1,1,1,1,1,1
45087,1,1,1,1,1,1,1,1,1,1,1,1,1,1,1,1,1
46035,1,1,1,1,1,1,1,1,1,1,1,1,1,1,1,1,1
46081,1,1,1,1,1,1,1,1,1,1,1,1,1,1,1,1,1
46099,1,1,1,1,1,1,1,1,1,1,1,1,1,1,1,1,1
46103,6,6,6,6,6,6,6,6,6,6,6,6,6,6,6,6,6
46113,1,1,1,1,1,1,1,1,1,1,1,1,1,1,1,1,1
46121,2,2,2,2,2,2,2,2,2,2,2,2,2,2,2,2,2
47001,4,4,4,4,4,4,4,4,4,4,4,4,4,4,4,4,4
47003,2,2,2,2,2,2,2,2,2,2,2,2,2,2,2,2,2
47009,1,1,1,1,1,1,1,1,1,1,1,1,1,1,1,1,1
47013,2,2,2,2,2,2,2,2,2,2,2,2,2,2,2,2,2
47017,1,1,1,1,1,1,1,1,1,1,1,1,1,1,1,1,1
47019,4,4,4,4,4,4,4,4,4,4,4,4,4,4,4,4,4
47021,1,1,1,1,1,1,1,1,1,1,1,1,1,1,1,1,1
47023,1,1,1,1,1,1,1,1,1,1,1,1,1,1,1,1,1
47029,3,3,3,3,3,3,3,3,3,3,3,3,3,3,3,3,3
47031,1,1,1,1,1,1,1,1,1,1,1,1,1,1,1,1,1
47033,1,1,1,1,1,1,1,1,1,1,1,1,1,1,1,1,1
47037,8,8,8,8,8,8,8,8,8,8,8,8,8,8,8,8,8
47039,1,1,1,1,1,1,1,1,1,1,1,1,1,1,1,1,1
47043,1,1,1,1,1,1,1,1,1,1,1,1,1,1,1,1,1
47045,1,1,1,1,1,1,1,1,1,1,1,1,1,1,1,1,1
47047,2,2,2,2,2,2,2,2,2,2,2,2,2,2,2,2,2
47051,2,2,2,2,2,2,2,2,2,2,2,2,2,2,2,2,2
47053,2,2,2,2,2,2,2,2,2,2,2,2,2,2,2,2,2
47059,3,3,3,3,3,3,3,3,3,3,3,3,3,3,3,3,3
47063,3,3,3,3,3,3,3,3,3,3,3,3,3,3,3,3,3
47065,11,11,11,11,11,11,11,11,11,11,11,11,11,11,11,11,11
47071,1,1,1,1,1,1,1,1,1,1,1,1,1,1,1,1,1
47073,1,1,1,1,1,1,1,1,1,1,1,1,1,1,1,1,1
47077,1,1,1,1,1,1,1,1,1,1,1,1,1,1,1,1,1
47081,1,1,1,1,1,1,1,1,1,1,1,1,1,1,1,1,1
47093,5,5,5,5,5,5,5,5,5,5,5,5,5,5,5,5,5
47099,1,1,1,1,1,1,1,1,1,1,1,1,1,1,1,1,1
47101,1,1,1,1,1,1,1,1,1,1,1,1,1,1,1,1,1
47105,2,2,2,2,2,2,2,2,2,2,2,2,2,2,2,2,2
47115,1,1,1,1,1,1,1,1,1,1,1,1,1,1,1,1,1
47117,1,1,1,1,1,1,1,1,1,1,1,1,1,1,1,1,1
47119,3,3,3,3,3,3,3,3,3,3,3,3,3,3,3,3,3
47125,3,3,3,3,3,3,3,3,3,3,3,3,3,3,3,3,3
47133,1,1,1,1,1,1,1,1,1,1,1,1,1,1,1,1,1
47149,2,2,2,2,2,2,2,2,2,2,2,2,2,2,2,2,2
47155,1,1,1,1,1,1,1,1,1,1,1,1,1,1,1,1,1
47157,20,20,20,20,20,20,20,20,20,20,20,20,20,20,20,20,20
47159,1,1,1,1,1,1,1,1,1,1,1,1,1,1,1,1,1
47163,4,4,4,4,4,4,4,4,4,4,4,4,4,4,4,4,4
47165,2,2,2,2,2,2,2,2,2,2,2,2,2,2,2,2,2
47177,1,1,1,1,1,1,1,1,1,1,1,1,1,1,1,1,1
47179,3,3,3,3,3,3,3,3,3,3,3,3,3,3,3,3,3
47185,1,1,1,1,1,1,1,1,1,1,1,1,1,1,1,1,1
47187,2,2,2,2,2,2,2,2,2,2,2,2,2,2,2,2,2
48001,2,2,2,2,2,2,2,2,2,2,2,2,2,2,2,2,2
48005,1,1,1,1,1,1,1,1,1,1,1,1,1,1,1,1,1
48013,3,3,3,3,3,3,3,3,3,3,3,3,3,3,3,3,3
48015,1,1,1,1,1,1,1,1,1,1,1,1,1,1,1,1,1
48027,4,4,4,4,4,4,4,4,4,4,4,4,4,4,4,4,4
48029,40,40,40,40,40,40,40,40,40,40,40,40,40,40,40,40,40
48037,1,1,1,1,1,1,1,1,1,1,1,1,1,1,1,1,1
48039,9,9,9,9,9,9,9,9,9,9,9,9,9,9,9,9,9
48053,1,1,1,1,1,1,1,1,1,1,1,1,1,1,1,1,1
48055,1,1,1,1,1,1,1,1,1,1,1,1,1,1,1,1,1
48061,6,6,6,6,6,6,6,6,6,6,6,6,6,6,6,6,6
48085,3,3,3,3,3,3,3,3,3,3,3,3,3,3,3,3,3
48097,1,1,1,1,1,1,1,1,1,1,1,1,1,1,1,1,1
48111,1,1,1,1,1,1,1,1,1,1,1,1,1,1,1,1,1
48113,34,34,34,34,34,34,34,34,34,34,34,34,34,34,34,34,34
48117,1,1,1,1,1,1,1,1,1,1,1,1,1,1,1,1,1
48121,8,8,8,8,8,8,8,8,8,8,8,8,8,8,8,8,8
48133,1,1,1,1,1,1,1,1,1,1,1,1,1,1,1,1,1
48135,7,7,7,7,7,7,7,7,7,7,7,7,7,7,7,7,7
48139,3,3,3,3,3,3,3,3,3,3,3,3,3,3,3,3,3
48141,12,12,12,12,12,12,12,12,12,12,12,12,12,12,12,12,12
48157,7,7,7,7,7,7,7,7,7,7,7,7,7,7,7,7,7
48161,1,1,1,1,1,1,1,1,1,1,1,1,1,1,1,1,1
48163,1,1,1,1,1,1,1,1,1,1,1,1,1,1,1,1,1
48165,1,1,1,1,1,1,1,1,1,1,1,1,1,1,1,1,1
48167,7,7,7,7,7,7,7,7,7,7,7,7,7,7,7,7,7
48181,2,2,2,2,2,2,2,2,2,2,2,2,2,2,2,2,2
48183,5,5,5,5,5,5,5,5,5,5,5,5,5,5,5,5,5
48187,2,2,2,2,2,2,2,2,2,2,2,2,2,2,2,2,2
48189,1,1,1,1,1,1,1,1,1,1,1,1,1,1,1,1,1
48199,2,2,2,2,2,2,2,2,2,2,2,2,2,2,2,2,2
48201,56,56,56,56,56,56,56,56,56,56,56,56,56,56,56,56,56
48203,2,2,2,2,2,2,2,2,2,2,2,2,2,2,2,2,2
48209,3,3,3,3,3,3,3,3,3,3,3,3,3,3,3,3,3
48213,1,1,1,1,1,1,1,1,1,1,1,1,1,1,1,1,1
48215,7,7,7,7,7,7,7,7,7,7,7,7,7,7,7,7,7
48219,1,1,1,1,1,1,1,1,1,1,1,1,1,1,1,1,1
48223,2,2,2,2,2,2,2,2,2,2,2,2,2,2,2,2,2
48229,1,1,1,1,1,1,1,1,1,1,1,1,1,1,1,1,1
48231,1,1,1,1,1,1,1,1,1,1,1,1,1,1,1,1,1
48233,1,1,1,1,1,1,1,1,1,1,1,1,1,1,1,1,1
48245,6,6,6,6,6,6,6,6,6,6,6,6,6,6,6,6,6
48249,1,1,1,1,1,1,1,1,1,1,1,1,1,1,1,1,1
48259,3,3,3,3,3,3,3,3,3,3,3,3,3,3,3,3,3
48265,3,3,3,3,3,3,3,3,3,3,3,3,3,3,3,3,3
48275,1,1,1,1,1,1,1,1,1,1,1,1,1,1,1,1,1
48277,2,2,2,2,2,2,2,2,2,2,2,2,2,2,2,2,2
48279,1,1,1,1,1,1,1,1,1,1,1,1,1,1,1,1,1
48287,1,1,1,1,1,1,1,1,1,1,1,1,1,1,1,1,1
48299,2,2,2,2,2,2,2,2,2,2,2,2,2,2,2,2,2
48303,2,2,2,2,2,2,2,2,2,2,2,2,2,2,2,2,2
48305,1,1,1,1,1,1,1,1,1,1,1,1,1,1,1,1,1
48309,4,4,4,4,4,4,4,4,4,4,4,4,4,4,4,4,4
48329,4,4,4,4,4,4,4,4,4,4,4,4,4,4,4,4,4
48337,2,2,2,2,2,2,2,2,2,2,2,2,2,2,2,2,2
48339,6,6,6,6,6,6,6,6,6,6,6,6,6,6,6,6,6
48341,1,1,1,1,1,1,1,1,1,1,1,1,1,1,1,1,1
48347,2,2,2,2,2,2,2,2,2,2,2,2,2,2,2,2,2
48353,1,1,1,1,1,1,1,1,1,1,1,1,1,1,1,1,1
48355,7,7,7,7,7,7,7,7,7,7,7,7,7,7,7,7,7
48365,1,1,1,1,1,1,1,1,1,1,1,1,1,1,1,1,1
48367,5,5,5,5,5,5,5,5,5,5,5,5,5,5,5,5,5
48371,1,1,1,1,1,1,1,1,1,1,1,1,1,1,1,1,1
48373,1,1,1,1,1,1,1,1,1,1,1,1,1,1,1,1,1
48375,5,5,5,5,5,5,5,5,5,5,5,5,5,5,5,5,5
48381,3,3,3,3,3,3,3,3,3,3,3,3,3,3,3,3,3
48385,1,1,1,1,1,1,1,1,1,1,1,1,1,1,1,1,1
48387,1,1,1,1,1,1,1,1,1,1,1,1,1,1,1,1,1
48391,1,1,1,1,1,1,1,1,1,1,1,1,1,1,1,1,1
48399,1,1,1,1,1,1,1,1,1,1,1,1,1,1,1,1,1
48409,1,1,1,1,1,1,1,1,1,1,1,1,1,1,1,1,1
48415,1,1,1,1,1,1,1,1,1,1,1,1,1,1,1,1,1
48419,1,1,1,1,1,1,1,1,1,1,1,1,1,1,1,1,1
48421,1,1,1,1,1,1,1,1,1,1,1,1,1,1,1,1,1
48427,1,1,1,1,1,1,1,1,1,1,1,1,1,1,1,1,1
48439,28,28,28,28,28,28,28,28,28,28,28,28,28,28,28,28,28
48441,3,3,3,3,3,3,3,3,3,3,3,3,3,3,3,3,3
48451,2,2,2,2,2,2,2,2,2,2,2,2,2,2,2,2,2
48453,24,24,24,24,24,24,24,24,24,24,24,24,24,24,24,24,24
48459,1,1,1,1,1,1,1,1,1,1,1,1,1,1,1,1,1
48467,1,1,1,1,1,1,1,1,1,1,1,1,1,1,1,1,1
48469,1,1,1,1,1,1,1,1,1,1,1,1,1,1,1,1,1
48475,1,1,1,1,1,1,1,1,1,1,1,1,1,1,1,1,1
48479,5,5,5,5,5,5,5,5,5,5,5,5,5,5,5,5,5
48485,1,1,1,1,1,1,1,1,1,1,1,1,1,1,1,1,1
48491,3,3,3,3,3,3,3,3,3,3,3,3,3,3,3,3,3
48493,1,1,1,1,1,1,1,1,1,1,1,1,1,1,1,1,1
48495,1,1,1,1,1,1,1,1,1,1,1,1,1,1,1,1,1
48499,1,1,1,1,1,1,1,1,1,1,1,1,1,1,1,1,1
49005,1,1,1,1,1,1,1,1,1,1,1,1,1,1,1,1,1
49007,1,1,1,1,1,1,1,1,1,1,1,1,1,1,1,1,1
49011,6,6,6,6,6,6,6,6,6,6,6,6,6,6,6,6,6
49013,1,1,1,1,1,1,1,1,1,1,1,1,1,1,1,1,1
49015,2,2,2,2,2,2,2,2,2,2,2,2,2,2,2,2,2
49021,1,1,1,1,1,1,1,1,1,1,1,1,1,1,1,1,1
49035,32,32,32,32,32,32,32,32,32,32,32,32,32,32,32,32,32
49045,1,1,1,1,1,1,1,1,1,1,1,1,1,1,1,1,1
49049,7,7,7,7,7,7,7,7,7,7,7,7,7,7,7,7,7
49057,5,5,5,5,5,5,5,5,5,5,5,5,5,5,5,5,5
50007,5,5,5,5,5,5,5,5,5,5,5,5,5,5,5,5,5
50021,1,1,1,1,1,1,1,1,1,1,1,1,1,1,1,1,1
50023,1,1,1,1,1,1,1,1,1,1,1,1,1,1,1,1,1
51013,1,1,1,1,1,1,1,1,1,1,1,1,1,1,1,1,1
51027,1,1,1,1,1,1,1,1,1,1,1,1,1,1,1,1,1
51029,2,2,2,2,2,2,2,2,2,2,2,2,2,2,2,2,2
51033,2,2,2,2,2,2,2,2,2,2,2,2,2,2,2,2,2
51041,1,1,1,1,1,1,1,1,1,1,1,1,1,1,1,1,1
51047,1,1,1,1,1,1,1,1,1,1,1,1,1,1,1,1,1
51049,1,1,1,1,1,1,1,1,1,1,1,1,1,1,1,1,1
51059,3,3,3,3,3,3,3,3,3,3,3,3,3,3,3,3,3
51069,1,1,1,1,1,1,1,1,1,1,1,1,1,1,1,1,1
51071,1,1,1,1,1,1,1,1,1,1,1,1,1,1,1,1,1
51077,2,2,2,2,2,2,2,2,2,2,2,2,2,2,2,2,2
51081,1,1,1,1,1,1,1,1,1,1,1,1,1,1,1,1,1
51087,3,3,3,3,3,3,3,3,3,3,3,3,3,3,3,3,3
51089,1,1,1,1,1,1,1,1,1,1,1,1,1,1,1,1,1
51099,1,1,1,1,1,1,1,1,1,1,1,1,1,1,1,1,1
51107,1,1,1,1,1,1,1,1,1,1,1,1,1,1,1,1,1
51121,1,1,1,1,1,1,1,1,1,1,1,1,1,1,1,1,1
51145,1,1,1,1,1,1,1,1,1,1,1,1,1,1,1,1,1
51153,2,2,2,2,2,2,2,2,2,2,2,2,2,2,2,2,2
51155,2,2,2,2,2,2,2,2,2,2,2,2,2,2,2,2,2
51159,1,1,1,1,1,1,1,1,1,1,1,1,1,1,1,1,1
51161,1,1,1,1,1,1,1,1,1,1,1,1,1,1,1,1,1
51165,2,2,2,2,2,2,2,2,2,2,2,2,2,2,2,2,2
51169,1,1,1,1,1,1,1,1,1,1,1,1,1,1,1,1,1
51179,1,1,1,1,1,1,1,1,1,1,1,1,1,1,1,1,1
51191,1,1,1,1,1,1,1,1,1,1,1,1,1,1,1,1,1
51197,1,1,1,1,1,1,1,1,1,1,1,1,1,1,1,1,1
51199,1,1,1,1,1,1,1,1,1,1,1,1,1,1,1,1,1
51520,1,1,1,1,1,1,1,1,1,1,1,1,1,1,1,1,1
51540,1,1,1,1,1,1,1,1,1,1,1,1,1,1,1,1,1
51550,2,2,2,2,2,2,2,2,2,2,2,2,2,2,2,2,2
51590,2,2,2,2,2,2,2,2,2,2,2,2,2,2,2,2,2
51660,2,2,2,2,2,2,2,2,2,2,2,2,2,2,2,2,2
51670,2,2,2,2,2,2,2,2,2,2,2,2,2,2,2,2,2
51680,1,1,1,1,1,1,1,1,1,1,1,1,1,1,1,1,1
51700,3,3,3,3,3,3,3,3,3,3,3,3,3,3,3,3,3
51710,7,7,7,7,7,7,7,7,7,7,7,7,7,7,7,7,7
51740,3,3,3,3,3,3,3,3,3,3,3,3,3,3,3,3,3
51760,6,6,6,6,6,6,6,6,6,6,6,6,6,6,6,6,6
51770,3,3,3,3,3,3,3,3,3,3,3,3,3,3,3,3,3
51800,1,1,1,1,1,1,1,1,1,1,1,1,1,1,1,1,1
51810,6,6,6,6,6,6,6,6,6,6,6,6,6,6,6,6,6
51820,1,1,1,1,1,1,1,1,1,1,1,1,1,1,1,1,1
53005,5,5,5,5,5,5,5,5,5,5,5,5,5,5,5,5,5
53007,1,1,1,1,1,1,1,1,1,1,1,1,1,1,1,1,1
53011,8,8,8,8,8,8,8,8,8,8,8,8,8,8,8,8,8
53015,5,5,5,5,5,5,5,5,5,5,5,5,5,5,5,5,5
53017,1,1,1,1,1,1,1,1,1,1,1,1,1,1,1,1,1
53021,3,3,3,3,3,3,3,3,3,3,3,3,3,3,3,3,3
53025,1,1,1,1,1,1,1,1,1,1,1,1,1,1,1,1,1
53027,2,2,2,2,2,2,2,2,2,2,2,2,2,2,2,2,2
53029,1,1,1,1,1,1,1,1,1,1,1,1,1,1,1,1,1
53033,31,31,31,31,31,31,31,31,31,31,31,31,31,31,31,31,31
53035,3,3,3,3,3,3,3,3,3,3,3,3,3,3,3,3,3
53037,2,2,2,2,2,2,2,2,2,2,2,2,2,2,2,2,2
53041,1,1,1,1,1,1,1,1,1,1,1,1,1,1,1,1,1
53045,3,3,3,3,3,3,3,3,3,3,3,3,3,3,3,3,3
53053,19,19,19,19,19,19,19,19,19,19,19,19,19,19,19,19,19
53061,9,9,9,9,9,9,9,9,9,9,9,9,9,9,9,9,9
53063,12,12,12,12,12,12,12,12,12,12,12,12,12,12,12,12,12
53065,1,1,1,1,1,1,1,1,1,1,1,1,1,1,1,1,1
53067,3,3,3,3,3,3,3,3,3,3,3,3,3,3,3,3,3
53073,2,2,2,2,2,2,2,2,2,2,2,2,2,2,2,2,2
53077,3,3,3,3,3,3,3,3,3,3,3,3,3,3,3,3,3
54003,1,1,1,1,1,1,1,1,1,1,1,1,1,1,1,1,1
54007,1,1,1,1,1,1,1,1,1,1,1,1,1,1,1,1,1
54009,1,1,1,1,1,1,1,1,1,1,1,1,1,1,1,1,1
54019,1,1,1,1,1,1,1,1,1,1,1,1,1,1,1,1,1
54033,3,3,3,3,3,3,3,3,3,3,3,3,3,3,3,3,3
54039,7,7,7,7,7,7,7,7,7,7,7,7,7,7,7,7,7
54047,2,2,2,2,2,2,2,2,2,2,2,2,2,2,2,2,2
54055,4,4,4,4,4,4,4,4,4,4,4,4,4,4,4,4,4
54057,1,1,1,1,1,1,1,1,1,1,1,1,1,1,1,1,1
54061,5,5,5,5,5,5,5,5,5,5,5,5,5,5,5,5,5
54067,1,1,1,1,1,1,1,1,1,1,1,1,1,1,1,1,1
54079,1,1,1,1,1,1,1,1,1,1,1,1,1,1,1,1,1
54081,1,1,1,1,1,1,1,1,1,1,1,1,1,1,1,1,1
54083,1,1,1,1,1,1,1,1,1,1,1,1,1,1,1,1,1
54087,1,1,1,1,1,1,1,1,1,1,1,1,1,1,1,1,1
54091,1,1,1,1,1,1,1,1,1,1,1,1,1,1,1,1,1
55003,2,2,2,2,2,2,2,2,2,2,2,2,2,2,2,2,2
55009,3,3,3,3,3,3,3,3,3,3,3,3,3,3,3,3,3
55017,1,1,1,1,1,1,1,1,1,1,1,1,1,1,1,1,1
55021,1,1,1,1,1,1,1,1,1,1,1,1,1,1,1,1,1
55025,3,3,3,3,3,3,3,3,3,3,3,3,3,3,3,3,3
55027,1,1,1,1,1,1,1,1,1,1,1,1,1,1,1,1,1
55035,5,5,5,5,5,5,5,5,5,5,5,5,5,5,5,5,5
55039,1,1,1,1,1,1,1,1,1,1,1,1,1,1,1,1,1
55041,1,1,1,1,1,1,1,1,1,1,1,1,1,1,1,1,1
55043,1,1,1,1,1,1,1,1,1,1,1,1,1,1,1,1,1
55045,1,1,1,1,1,1,1,1,1,1,1,1,1,1,1,1,1
55053,1,1,1,1,1,1,1,1,1,1,1,1,1,1,1,1,1
55055,1,1,1,1,1,1,1,1,1,1,1,1,1,1,1,1,1
55059,2,2,2,2,2,2,2,2,2,2,2,2,2,2,2,2,2
55061,1,1,1,1,1,1,1,1,1,1,1,1,1,1,1,1,1
55063,1,1,1,1,1,1,1,1,1,1,1,1,1,1,1,1,1
55067,1,1,1,1,1,1,1,1,1,1,1,1,1,1,1,1,1
55069,1,1,1,1,1,1,1,1,1,1,1,1,1,1,1,1,1
55071,2,2,2,2,2,2,2,2,2,2,2,2,2,2,2,2,2
55073,3,3,3,3,3,3,3,3,3,3,3,3,3,3,3,3,3
55075,1,1,1,1,1,1,1,1,1,1,1,1,1,1,1,1,1
55079,16,16,16,16,16,16,16,16,16,16,16,16,16,16,16,16,16
55081,2,2,2,2,2,2,2,2,2,2,2,2,2,2,2,2,2
55083,1,1,1,1,1,1,1,1,1,1,1,1,1,1,1,1,1
55087,4,4,4,4,4,4,4,4,4,4,4,4,4,4,4,4,4
55095,2,2,2,2,2,2,2,2,2,2,2,2,2,2,2,2,2
55101,2,2,2,2,2,2,2,2,2,2,2,2,2,2,2,2,2
55105,1,1,1,1,1,1,1,1,1,1,1,1,1,1,1,1,1
55107,1,1,1,1,1,1,1,1,1,1,1,1,1,1,1,1,1
55117,2,2,2,2,2,2,2,2,2,2,2,2,2,2,2,2,2
55127,4,4,4,4,4,4,4,4,4,4,4,4,4,4,4,4,4
55131,1,1,1,1,1,1,1,1,1,1,1,1,1,1,1,1,1
55133,4,4,4,4,4,4,4,4,4,4,4,4,4,4,4,4,4
55139,5,5,5,5,5,5,5,5,5,5,5,5,5,5,5,5,5
55141,1,1,1,1,1,1,1,1,1,1,1,1,1,1,1,1,1
56001,1,1,1,1,1,1,1,1,1,1,1,1,1,1,1,1,1
56005,1,1,1,1,1,1,1,1,1,1,1,1,1,1,1,1,1
56009,2,2,2,2,2,2,2,2,2,2,2,2,2,2,2,2,2
56013,1,1,1,1,1,1,1,1,1,1,1,1,1,1,1,1,1
56021,2,2,2,2,2,2,2,2,2,2,2,2,2,2,2,2,2
56025,5,5,5,5,5,5,5,5,5,5,5,5,5,5,5,5,5
