date_my;state;coef
2013-01;AK;0.07
2013-01;AL;0.075
2013-01;AR;0.074
2013-01;AZ;0.079
2013-01;CA;0.096
2013-01;CO;0.074
2013-01;CT;0.082
2013-01;DE;0.072
2013-01;FL;0.079
2013-01;GA;0.087
2013-01;HI;0.051
2013-01;IA;0.049
2013-01;ID;0.067
2013-01;IL;0.092
2013-01;IN;0.085
2013-01;KS;0.056
2013-01;KY;0.081
2013-01;LA;0.07
2013-01;MA;0.068
2013-01;MD;0.069
2013-01;ME;0.071
2013-01;MI;0.091
2013-01;MN;0.053
2013-01;MO;0.069
2013-01;MS;0.089
2013-01;MT;0.056
2013-01;NC;0.089
2013-01;ND;0.031
2013-01;NE;0.039
2013-01;NH;0.055
2013-01;NJ;0.09
2013-01;NM;0.07
2013-01;NV;0.104
2013-01;NY;0.081
2013-01;OH;0.075
2013-01;OK;0.053
2013-01;OR;0.085
2013-01;PA;0.079
2013-01;RI;0.095
2013-01;SC;0.084
2013-01;SD;0.04
2013-01;TN;0.079
2013-01;TX;0.065
2013-01;UT;0.05
2013-01;VA;0.058
2013-01;VT;0.046
2013-01;WA;0.074
2013-01;WI;0.07
2013-01;WV;0.073
2013-01;WY;0.051
2013-02;AK;0.07
2013-02;AL;0.074
2013-02;AR;0.074
2013-02;AZ;0.079
2013-02;CA;0.094
2013-02;CO;0.073
2013-02;CT;0.081
2013-02;DE;0.071
2013-02;FL;0.078
2013-02;GA;0.086
2013-02;HI;0.051
2013-02;IA;0.049
2013-02;ID;0.066
2013-02;IL;0.093
2013-02;IN;0.084
2013-02;KS;0.055
2013-02;KY;0.081
2013-02;LA;0.071
2013-02;MA;0.069
2013-02;MD;0.068
2013-02;ME;0.071
2013-02;MI;0.091
2013-02;MN;0.052
2013-02;MO;0.068
2013-02;MS;0.089
2013-02;MT;0.056
2013-02;NC;0.088
2013-02;ND;0.031
2013-02;NE;0.039
2013-02;NH;0.054
2013-02;NJ;0.089
2013-02;NM;0.07
2013-02;NV;0.103
2013-02;NY;0.081
2013-02;OH;0.076
2013-02;OK;0.053
2013-02;OR;0.084
2013-02;PA;0.078
2013-02;RI;0.094
2013-02;SC;0.084
2013-02;SD;0.039
2013-02;TN;0.08
2013-02;TX;0.065
2013-02;UT;0.049
2013-02;VA;0.058
2013-02;VT;0.045
2013-02;WA;0.073
2013-02;WI;0.07
2013-02;WV;0.071
2013-02;WY;0.05
2013-03;AK;0.07
2013-03;AL;0.073
2013-03;AR;0.074
2013-03;AZ;0.079
2013-03;CA;0.093
2013-03;CO;0.072
2013-03;CT;0.081
2013-03;DE;0.071
2013-03;FL;0.076
2013-03;GA;0.086
2013-03;HI;0.05
2013-03;IA;0.049
2013-03;ID;0.065
2013-03;IL;0.093
2013-03;IN;0.083
2013-03;KS;0.055
2013-03;KY;0.081
2013-03;LA;0.072
2013-03;MA;0.069
2013-03;MD;0.068
2013-03;ME;0.07
2013-03;MI;0.09
2013-03;MN;0.052
2013-03;MO;0.068
2013-03;MS;0.089
2013-03;MT;0.055
2013-03;NC;0.086
2013-03;ND;0.03
2013-03;NE;0.039
2013-03;NH;0.053
2013-03;NJ;0.087
2013-03;NM;0.069
2013-03;NV;0.102
2013-03;NY;0.08
2013-03;OH;0.076
2013-03;OK;0.054
2013-03;OR;0.083
2013-03;PA;0.077
2013-03;RI;0.093
2013-03;SC;0.082
2013-03;SD;0.039
2013-03;TN;0.081
2013-03;TX;0.065
2013-03;UT;0.048
2013-03;VA;0.058
2013-03;VT;0.045
2013-03;WA;0.073
2013-03;WI;0.07
2013-03;WV;0.069
2013-03;WY;0.049
2013-04;AK;0.07
2013-04;AL;0.072
2013-04;AR;0.074
2013-04;AZ;0.079
2013-04;CA;0.092
2013-04;CO;0.071
2013-04;CT;0.08
2013-04;DE;0.07
2013-04;FL;0.075
2013-04;GA;0.085
2013-04;HI;0.049
2013-04;IA;0.049
2013-04;ID;0.064
2013-04;IL;0.092
2013-04;IN;0.081
2013-04;KS;0.055
2013-04;KY;0.081
2013-04;LA;0.071
2013-04;MA;0.069
2013-04;MD;0.067
2013-04;ME;0.069
2013-04;MI;0.089
2013-04;MN;0.051
2013-04;MO;0.068
2013-04;MS;0.088
2013-04;MT;0.055
2013-04;NC;0.084
2013-04;ND;0.03
2013-04;NE;0.039
2013-04;NH;0.052
2013-04;NJ;0.086
2013-04;NM;0.069
2013-04;NV;0.1
2013-04;NY;0.079
2013-04;OH;0.076
2013-04;OK;0.054
2013-04;OR;0.081
2013-04;PA;0.076
2013-04;RI;0.093
2013-04;SC;0.081
2013-04;SD;0.039
2013-04;TN;0.08
2013-04;TX;0.065
2013-04;UT;0.048
2013-04;VA;0.058
2013-04;VT;0.045
2013-04;WA;0.072
2013-04;WI;0.069
2013-04;WV;0.068
2013-04;WY;0.048
2013-05;AK;0.07
2013-05;AL;0.071
2013-05;AR;0.074
2013-05;AZ;0.078
2013-05;CA;0.091
2013-05;CO;0.071
2013-05;CT;0.079
2013-05;DE;0.069
2013-05;FL;0.074
2013-05;GA;0.084
2013-05;HI;0.049
2013-05;IA;0.049
2013-05;ID;0.063
2013-05;IL;0.092
2013-05;IN;0.08
2013-05;KS;0.054
2013-05;KY;0.081
2013-05;LA;0.07
2013-05;MA;0.069
2013-05;MD;0.067
2013-05;ME;0.068
2013-05;MI;0.089
2013-05;MN;0.05
2013-05;MO;0.068
2013-05;MS;0.087
2013-05;MT;0.055
2013-05;NC;0.082
2013-05;ND;0.03
2013-05;NE;0.038
2013-05;NH;0.051
2013-05;NJ;0.085
2013-05;NM;0.069
2013-05;NV;0.099
2013-05;NY;0.078
2013-05;OH;0.075
2013-05;OK;0.053
2013-05;OR;0.08
2013-05;PA;0.075
2013-05;RI;0.093
2013-05;SC;0.079
2013-05;SD;0.038
2013-05;TN;0.08
2013-05;TX;0.064
2013-05;UT;0.047
2013-05;VA;0.057
2013-05;VT;0.045
2013-05;WA;0.071
2013-05;WI;0.068
2013-05;WV;0.067
2013-05;WY;0.047
2013-06;AK;0.07
2013-06;AL;0.07
2013-06;AR;0.073
2013-06;AZ;0.078
2013-06;CA;0.09
2013-06;CO;0.07
2013-06;CT;0.079
2013-06;DE;0.068
2013-06;FL;0.073
2013-06;GA;0.083
2013-06;HI;0.048
2013-06;IA;0.048
2013-06;ID;0.062
2013-06;IL;0.091
2013-06;IN;0.078
2013-06;KS;0.054
2013-06;KY;0.081
2013-06;LA;0.069
2013-06;MA;0.069
2013-06;MD;0.066
2013-06;ME;0.067
2013-06;MI;0.088
2013-06;MN;0.05
2013-06;MO;0.068
2013-06;MS;0.086
2013-06;MT;0.055
2013-06;NC;0.081
2013-06;ND;0.029
2013-06;NE;0.038
2013-06;NH;0.051
2013-06;NJ;0.084
2013-06;NM;0.069
2013-06;NV;0.097
2013-06;NY;0.078
2013-06;OH;0.075
2013-06;OK;0.053
2013-06;OR;0.079
2013-06;PA;0.074
2013-06;RI;0.093
2013-06;SC;0.078
2013-06;SD;0.038
2013-06;TN;0.079
2013-06;TX;0.063
2013-06;UT;0.046
2013-06;VA;0.057
2013-06;VT;0.045
2013-06;WA;0.071
2013-06;WI;0.068
2013-06;WV;0.066
2013-06;WY;0.047
2013-07;AK;0.07
2013-07;AL;0.071
2013-07;AR;0.073
2013-07;AZ;0.078
2013-07;CA;0.089
2013-07;CO;0.069
2013-07;CT;0.078
2013-07;DE;0.066
2013-07;FL;0.072
2013-07;GA;0.082
2013-07;HI;0.048
2013-07;IA;0.047
2013-07;ID;0.061
2013-07;IL;0.091
2013-07;IN;0.076
2013-07;KS;0.053
2013-07;KY;0.081
2013-07;LA;0.068
2013-07;MA;0.068
2013-07;MD;0.066
2013-07;ME;0.066
2013-07;MI;0.088
2013-07;MN;0.049
2013-07;MO;0.068
2013-07;MS;0.085
2013-07;MT;0.054
2013-07;NC;0.079
2013-07;ND;0.029
2013-07;NE;0.038
2013-07;NH;0.05
2013-07;NJ;0.083
2013-07;NM;0.069
2013-07;NV;0.096
2013-07;NY;0.077
2013-07;OH;0.076
2013-07;OK;0.053
2013-07;OR;0.078
2013-07;PA;0.073
2013-07;RI;0.093
2013-07;SC;0.076
2013-07;SD;0.038
2013-07;TN;0.078
2013-07;TX;0.063
2013-07;UT;0.046
2013-07;VA;0.057
2013-07;VT;0.044
2013-07;WA;0.07
2013-07;WI;0.067
2013-07;WV;0.066
2013-07;WY;0.046
2013-08;AK;0.07
2013-08;AL;0.071
2013-08;AR;0.072
2013-08;AZ;0.077
2013-08;CA;0.088
2013-08;CO;0.068
2013-08;CT;0.078
2013-08;DE;0.065
2013-08;FL;0.07
2013-08;GA;0.081
2013-08;HI;0.048
2013-08;IA;0.047
2013-08;ID;0.06
2013-08;IL;0.091
2013-08;IN;0.075
2013-08;KS;0.053
2013-08;KY;0.081
2013-08;LA;0.066
2013-08;MA;0.067
2013-08;MD;0.065
2013-08;ME;0.065
2013-08;MI;0.088
2013-08;MN;0.049
2013-08;MO;0.067
2013-08;MS;0.084
2013-08;MT;0.054
2013-08;NC;0.077
2013-08;ND;0.028
2013-08;NE;0.037
2013-08;NH;0.05
2013-08;NJ;0.081
2013-08;NM;0.069
2013-08;NV;0.094
2013-08;NY;0.077
2013-08;OH;0.075
2013-08;OK;0.053
2013-08;OR;0.077
2013-08;PA;0.073
2013-08;RI;0.093
2013-08;SC;0.074
2013-08;SD;0.037
2013-08;TN;0.078
2013-08;TX;0.062
2013-08;UT;0.045
2013-08;VA;0.057
2013-08;VT;0.044
2013-08;WA;0.07
2013-08;WI;0.066
2013-08;WV;0.066
2013-08;WY;0.046
2013-09;AK;0.07
2013-09;AL;0.072
2013-09;AR;0.071
2013-09;AZ;0.077
2013-09;CA;0.087
2013-09;CO;0.066
2013-09;CT;0.077
2013-09;DE;0.064
2013-09;FL;0.069
2013-09;GA;0.079
2013-09;HI;0.048
2013-09;IA;0.046
2013-09;ID;0.059
2013-09;IL;0.09
2013-09;IN;0.072
2013-09;KS;0.052
2013-09;KY;0.08
2013-09;LA;0.064
2013-09;MA;0.066
2013-09;MD;0.064
2013-09;ME;0.064
2013-09;MI;0.087
2013-09;MN;0.048
2013-09;MO;0.066
2013-09;MS;0.083
2013-09;MT;0.053
2013-09;NC;0.075
2013-09;ND;0.028
2013-09;NE;0.037
2013-09;NH;0.049
2013-09;NJ;0.079
2013-09;NM;0.07
2013-09;NV;0.092
2013-09;NY;0.076
2013-09;OH;0.074
2013-09;OK;0.053
2013-09;OR;0.076
2013-09;PA;0.071
2013-09;RI;0.092
2013-09;SC;0.072
2013-09;SD;0.037
2013-09;TN;0.076
2013-09;TX;0.061
2013-09;UT;0.044
2013-09;VA;0.057
2013-09;VT;0.043
2013-09;WA;0.069
2013-09;WI;0.066
2013-09;WV;0.066
2013-09;WY;0.046
2013-10;AK;0.07
2013-10;AL;0.072
2013-10;AR;0.07
2013-10;AZ;0.076
2013-10;CA;0.086
2013-10;CO;0.064
2013-10;CT;0.075
2013-10;DE;0.063
2013-10;FL;0.068
2013-10;GA;0.078
2013-10;HI;0.048
2013-10;IA;0.045
2013-10;ID;0.057
2013-10;IL;0.088
2013-10;IN;0.07
2013-10;KS;0.051
2013-10;KY;0.079
2013-10;LA;0.062
2013-10;MA;0.065
2013-10;MD;0.063
2013-10;ME;0.063
2013-10;MI;0.086
2013-10;MN;0.047
2013-10;MO;0.066
2013-10;MS;0.082
2013-10;MT;0.053
2013-10;NC;0.073
2013-10;ND;0.028
2013-10;NE;0.036
2013-10;NH;0.049
2013-10;NJ;0.077
2013-10;NM;0.07
2013-10;NV;0.091
2013-10;NY;0.074
2013-10;OH;0.073
2013-10;OK;0.052
2013-10;OR;0.075
2013-10;PA;0.07
2013-10;RI;0.092
2013-10;SC;0.07
2013-10;SD;0.037
2013-10;TN;0.074
2013-10;TX;0.06
2013-10;UT;0.043
2013-10;VA;0.056
2013-10;VT;0.043
2013-10;WA;0.068
2013-10;WI;0.065
2013-10;WV;0.067
2013-10;WY;0.046
2013-11;AK;0.07
2013-11;AL;0.072
2013-11;AR;0.069
2013-11;AZ;0.075
2013-11;CA;0.084
2013-11;CO;0.063
2013-11;CT;0.074
2013-11;DE;0.062
2013-11;FL;0.067
2013-11;GA;0.077
2013-11;HI;0.048
2013-11;IA;0.045
2013-11;ID;0.056
2013-11;IL;0.087
2013-11;IN;0.067
2013-11;KS;0.05
2013-11;KY;0.078
2013-11;LA;0.06
2013-11;MA;0.064
2013-11;MD;0.063
2013-11;ME;0.062
2013-11;MI;0.084
2013-11;MN;0.047
2013-11;MO;0.066
2013-11;MS;0.081
2013-11;MT;0.052
2013-11;NC;0.071
2013-11;ND;0.028
2013-11;NE;0.036
2013-11;NH;0.048
2013-11;NJ;0.075
2013-11;NM;0.07
2013-11;NV;0.089
2013-11;NY;0.073
2013-11;OH;0.071
2013-11;OK;0.052
2013-11;OR;0.074
2013-11;PA;0.068
2013-11;RI;0.091
2013-11;SC;0.068
2013-11;SD;0.036
2013-11;TN;0.072
2013-11;TX;0.059
2013-11;UT;0.043
2013-11;VA;0.056
2013-11;VT;0.042
2013-11;WA;0.067
2013-11;WI;0.063
2013-11;WV;0.068
2013-11;WY;0.045
2013-12;AK;0.07
2013-12;AL;0.073
2013-12;AR;0.068
2013-12;AZ;0.074
2013-12;CA;0.083
2013-12;CO;0.061
2013-12;CT;0.073
2013-12;DE;0.062
2013-12;FL;0.067
2013-12;GA;0.076
2013-12;HI;0.048
2013-12;IA;0.045
2013-12;ID;0.054
2013-12;IL;0.085
2013-12;IN;0.065
2013-12;KS;0.049
2013-12;KY;0.077
2013-12;LA;0.058
2013-12;MA;0.063
2013-12;MD;0.062
2013-12;ME;0.062
2013-12;MI;0.083
2013-12;MN;0.047
2013-12;MO;0.066
2013-12;MS;0.081
2013-12;MT;0.051
2013-12;NC;0.07
2013-12;ND;0.028
2013-12;NE;0.036
2013-12;NH;0.048
2013-12;NJ;0.073
2013-12;NM;0.069
2013-12;NV;0.088
2013-12;NY;0.071
2013-12;OH;0.069
2013-12;OK;0.051
2013-12;OR;0.073
2013-12;PA;0.067
2013-12;RI;0.09
2013-12;SC;0.066
2013-12;SD;0.036
2013-12;TN;0.071
2013-12;TX;0.058
2013-12;UT;0.042
2013-12;VA;0.055
2013-12;VT;0.042
2013-12;WA;0.066
2013-12;WI;0.062
2013-12;WV;0.068
2013-12;WY;0.045
2014-01;AK;0.07
2014-01;AL;0.072
2014-01;AR;0.066
2014-01;AZ;0.073
2014-01;CA;0.082
2014-01;CO;0.06
2014-01;CT;0.072
2014-01;DE;0.061
2014-01;FL;0.066
2014-01;GA;0.075
2014-01;HI;0.047
2014-01;IA;0.044
2014-01;ID;0.053
2014-01;IL;0.083
2014-01;IN;0.064
2014-01;KS;0.048
2014-01;KY;0.075
2014-01;LA;0.057
2014-01;MA;0.062
2014-01;MD;0.061
2014-01;ME;0.061
2014-01;MI;0.081
2014-01;MN;0.046
2014-01;MO;0.067
2014-01;MS;0.08
2014-01;MT;0.05
2014-01;NC;0.068
2014-01;ND;0.027
2014-01;NE;0.035
2014-01;NH;0.047
2014-01;NJ;0.072
2014-01;NM;0.069
2014-01;NV;0.086
2014-01;NY;0.07
2014-01;OH;0.066
2014-01;OK;0.05
2014-01;OR;0.073
2014-01;PA;0.065
2014-01;RI;0.088
2014-01;SC;0.064
2014-01;SD;0.036
2014-01;TN;0.068
2014-01;TX;0.057
2014-01;UT;0.041
2014-01;VA;0.055
2014-01;VT;0.041
2014-01;WA;0.065
2014-01;WI;0.061
2014-01;WV;0.069
2014-01;WY;0.044
2014-02;AK;0.07
2014-02;AL;0.072
2014-02;AR;0.065
2014-02;AZ;0.071
2014-02;CA;0.08
2014-02;CO;0.058
2014-02;CT;0.07
2014-02;DE;0.061
2014-02;FL;0.066
2014-02;GA;0.074
2014-02;HI;0.046
2014-02;IA;0.044
2014-02;ID;0.052
2014-02;IL;0.081
2014-02;IN;0.063
2014-02;KS;0.048
2014-02;KY;0.074
2014-02;LA;0.057
2014-02;MA;0.061
2014-02;MD;0.06
2014-02;ME;0.06
2014-02;MI;0.08
2014-02;MN;0.046
2014-02;MO;0.067
2014-02;MS;0.08
2014-02;MT;0.049
2014-02;NC;0.067
2014-02;ND;0.027
2014-02;NE;0.035
2014-02;NH;0.046
2014-02;NJ;0.071
2014-02;NM;0.069
2014-02;NV;0.085
2014-02;NY;0.068
2014-02;OH;0.064
2014-02;OK;0.049
2014-02;OR;0.073
2014-02;PA;0.064
2014-02;RI;0.087
2014-02;SC;0.063
2014-02;SD;0.035
2014-02;TN;0.067
2014-02;TX;0.055
2014-02;UT;0.04
2014-02;VA;0.054
2014-02;VT;0.041
2014-02;WA;0.064
2014-02;WI;0.059
2014-02;WV;0.068
2014-02;WY;0.043
2014-03;AK;0.07
2014-03;AL;0.072
2014-03;AR;0.063
2014-03;AZ;0.07
2014-03;CA;0.079
2014-03;CO;0.056
2014-03;CT;0.069
2014-03;DE;0.06
2014-03;FL;0.066
2014-03;GA;0.073
2014-03;HI;0.046
2014-03;IA;0.044
2014-03;ID;0.051
2014-03;IL;0.078
2014-03;IN;0.062
2014-03;KS;0.047
2014-03;KY;0.072
2014-03;LA;0.057
2014-03;MA;0.06
2014-03;MD;0.06
2014-03;ME;0.059
2014-03;MI;0.078
2014-03;MN;0.045
2014-03;MO;0.066
2014-03;MS;0.079
2014-03;MT;0.049
2014-03;NC;0.066
2014-03;ND;0.027
2014-03;NE;0.035
2014-03;NH;0.046
2014-03;NJ;0.069
2014-03;NM;0.069
2014-03;NV;0.084
2014-03;NY;0.067
2014-03;OH;0.062
2014-03;OK;0.048
2014-03;OR;0.072
2014-03;PA;0.062
2014-03;RI;0.084
2014-03;SC;0.062
2014-03;SD;0.035
2014-03;TN;0.066
2014-03;TX;0.054
2014-03;UT;0.039
2014-03;VA;0.054
2014-03;VT;0.04
2014-03;WA;0.063
2014-03;WI;0.058
2014-03;WV;0.068
2014-03;WY;0.042
2014-04;AK;0.07
2014-04;AL;0.071
2014-04;AR;0.062
2014-04;AZ;0.069
2014-04;CA;0.078
2014-04;CO;0.054
2014-04;CT;0.068
2014-04;DE;0.06
2014-04;FL;0.065
2014-04;GA;0.073
2014-04;HI;0.045
2014-04;IA;0.043
2014-04;ID;0.05
2014-04;IL;0.076
2014-04;IN;0.062
2014-04;KS;0.047
2014-04;KY;0.07
2014-04;LA;0.059
2014-04;MA;0.059
2014-04;MD;0.059
2014-04;ME;0.058
2014-04;MI;0.077
2014-04;MN;0.044
2014-04;MO;0.065
2014-04;MS;0.078
2014-04;MT;0.048
2014-04;NC;0.065
2014-04;ND;0.026
2014-04;NE;0.034
2014-04;NH;0.045
2014-04;NJ;0.068
2014-04;NM;0.068
2014-04;NV;0.082
2014-04;NY;0.066
2014-04;OH;0.06
2014-04;OK;0.047
2014-04;OR;0.071
2014-04;PA;0.061
2014-04;RI;0.082
2014-04;SC;0.063
2014-04;SD;0.035
2014-04;TN;0.066
2014-04;TX;0.053
2014-04;UT;0.038
2014-04;VA;0.054
2014-04;VT;0.04
2014-04;WA;0.062
2014-04;WI;0.057
2014-04;WV;0.067
2014-04;WY;0.042
2014-05;AK;0.07
2014-05;AL;0.07
2014-05;AR;0.061
2014-05;AZ;0.069
2014-05;CA;0.077
2014-05;CO;0.052
2014-05;CT;0.067
2014-05;DE;0.059
2014-05;FL;0.064
2014-05;GA;0.073
2014-05;HI;0.045
2014-05;IA;0.043
2014-05;ID;0.049
2014-05;IL;0.073
2014-05;IN;0.061
2014-05;KS;0.046
2014-05;KY;0.068
2014-05;LA;0.061
2014-05;MA;0.059
2014-05;MD;0.059
2014-05;ME;0.057
2014-05;MI;0.076
2014-05;MN;0.043
2014-05;MO;0.063
2014-05;MS;0.077
2014-05;MT;0.047
2014-05;NC;0.065
2014-05;ND;0.026
2014-05;NE;0.034
2014-05;NH;0.044
2014-05;NJ;0.067
2014-05;NM;0.068
2014-05;NV;0.081
2014-05;NY;0.065
2014-05;OH;0.059
2014-05;OK;0.046
2014-05;OR;0.07
2014-05;PA;0.06
2014-05;RI;0.08
2014-05;SC;0.063
2014-05;SD;0.035
2014-05;TN;0.067
2014-05;TX;0.052
2014-05;UT;0.038
2014-05;VA;0.053
2014-05;VT;0.04
2014-05;WA;0.062
2014-05;WI;0.055
2014-05;WV;0.067
2014-05;WY;0.041
2014-06;AK;0.07
2014-06;AL;0.069
2014-06;AR;0.06
2014-06;AZ;0.068
2014-06;CA;0.075
2014-06;CO;0.05
2014-06;CT;0.066
2014-06;DE;0.058
2014-06;FL;0.063
2014-06;GA;0.073
2014-06;HI;0.044
2014-06;IA;0.043
2014-06;ID;0.048
2014-06;IL;0.071
2014-06;IN;0.06
2014-06;KS;0.046
2014-06;KY;0.065
2014-06;LA;0.063
2014-06;MA;0.058
2014-06;MD;0.059
2014-06;ME;0.057
2014-06;MI;0.074
2014-06;MN;0.041
2014-06;MO;0.062
2014-06;MS;0.076
2014-06;MT;0.047
2014-06;NC;0.064
2014-06;ND;0.026
2014-06;NE;0.033
2014-06;NH;0.043
2014-06;NJ;0.067
2014-06;NM;0.067
2014-06;NV;0.079
2014-06;NY;0.064
2014-06;OH;0.058
2014-06;OK;0.045
2014-06;OR;0.068
2014-06;PA;0.059
2014-06;RI;0.078
2014-06;SC;0.064
2014-06;SD;0.034
2014-06;TN;0.067
2014-06;TX;0.052
2014-06;UT;0.038
2014-06;VA;0.053
2014-06;VT;0.039
2014-06;WA;0.061
2014-06;WI;0.054
2014-06;WV;0.066
2014-06;WY;0.041
2014-07;AK;0.069
2014-07;AL;0.067
2014-07;AR;0.059
2014-07;AZ;0.067
2014-07;CA;0.074
2014-07;CO;0.048
2014-07;CT;0.065
2014-07;DE;0.057
2014-07;FL;0.062
2014-07;GA;0.072
2014-07;HI;0.043
2014-07;IA;0.042
2014-07;ID;0.048
2014-07;IL;0.069
2014-07;IN;0.059
2014-07;KS;0.045
2014-07;KY;0.063
2014-07;LA;0.065
2014-07;MA;0.057
2014-07;MD;0.058
2014-07;ME;0.056
2014-07;MI;0.072
2014-07;MN;0.04
2014-07;MO;0.06
2014-07;MS;0.075
2014-07;MT;0.046
2014-07;NC;0.063
2014-07;ND;0.027
2014-07;NE;0.032
2014-07;NH;0.042
2014-07;NJ;0.066
2014-07;NM;0.067
2014-07;NV;0.078
2014-07;NY;0.062
2014-07;OH;0.057
2014-07;OK;0.044
2014-07;OR;0.067
2014-07;PA;0.058
2014-07;RI;0.075
2014-07;SC;0.065
2014-07;SD;0.034
2014-07;TN;0.067
2014-07;TX;0.051
2014-07;UT;0.038
2014-07;VA;0.052
2014-07;VT;0.039
2014-07;WA;0.061
2014-07;WI;0.053
2014-07;WV;0.066
2014-07;WY;0.041
2014-08;AK;0.069
2014-08;AL;0.066
2014-08;AR;0.058
2014-08;AZ;0.067
2014-08;CA;0.073
2014-08;CO;0.046
2014-08;CT;0.065
2014-08;DE;0.056
2014-08;FL;0.062
2014-08;GA;0.071
2014-08;HI;0.043
2014-08;IA;0.042
2014-08;ID;0.047
2014-08;IL;0.067
2014-08;IN;0.058
2014-08;KS;0.044
2014-08;KY;0.061
2014-08;LA;0.067
2014-08;MA;0.057
2014-08;MD;0.058
2014-08;ME;0.055
2014-08;MI;0.07
2014-08;MN;0.04
2014-08;MO;0.059
2014-08;MS;0.073
2014-08;MT;0.046
2014-08;NC;0.062
2014-08;ND;0.027
2014-08;NE;0.032
2014-08;NH;0.042
2014-08;NJ;0.066
2014-08;NM;0.066
2014-08;NV;0.077
2014-08;NY;0.061
2014-08;OH;0.056
2014-08;OK;0.043
2014-08;OR;0.066
2014-08;PA;0.057
2014-08;RI;0.073
2014-08;SC;0.066
2014-08;SD;0.033
2014-08;TN;0.066
2014-08;TX;0.05
2014-08;UT;0.038
2014-08;VA;0.052
2014-08;VT;0.039
2014-08;WA;0.06
2014-08;WI;0.052
2014-08;WV;0.065
2014-08;WY;0.041
2014-09;AK;0.068
2014-09;AL;0.065
2014-09;AR;0.058
2014-09;AZ;0.066
2014-09;CA;0.072
2014-09;CO;0.045
2014-09;CT;0.064
2014-09;DE;0.055
2014-09;FL;0.061
2014-09;GA;0.069
2014-09;HI;0.042
2014-09;IA;0.042
2014-09;ID;0.046
2014-09;IL;0.066
2014-09;IN;0.058
2014-09;KS;0.044
2014-09;KY;0.059
2014-09;LA;0.069
2014-09;MA;0.056
2014-09;MD;0.057
2014-09;ME;0.054
2014-09;MI;0.068
2014-09;MN;0.039
2014-09;MO;0.058
2014-09;MS;0.072
2014-09;MT;0.045
2014-09;NC;0.061
2014-09;ND;0.027
2014-09;NE;0.031
2014-09;NH;0.041
2014-09;NJ;0.066
2014-09;NM;0.065
2014-09;NV;0.076
2014-09;NY;0.06
2014-09;OH;0.055
2014-09;OK;0.043
2014-09;OR;0.065
2014-09;PA;0.056
2014-09;RI;0.071
2014-09;SC;0.067
2014-09;SD;0.033
2014-09;TN;0.066
2014-09;TX;0.049
2014-09;UT;0.038
2014-09;VA;0.051
2014-09;VT;0.039
2014-09;WA;0.06
2014-09;WI;0.051
2014-09;WV;0.065
2014-09;WY;0.041
2014-10;AK;0.067
2014-10;AL;0.064
2014-10;AR;0.057
2014-10;AZ;0.066
2014-10;CA;0.071
2014-10;CO;0.044
2014-10;CT;0.064
2014-10;DE;0.054
2014-10;FL;0.06
2014-10;GA;0.068
2014-10;HI;0.041
2014-10;IA;0.041
2014-10;ID;0.046
2014-10;IL;0.064
2014-10;IN;0.057
2014-10;KS;0.043
2014-10;KY;0.057
2014-10;LA;0.07
2014-10;MA;0.055
2014-10;MD;0.056
2014-10;ME;0.053
2014-10;MI;0.066
2014-10;MN;0.039
2014-10;MO;0.057
2014-10;MS;0.071
2014-10;MT;0.045
2014-10;NC;0.06
2014-10;ND;0.027
2014-10;NE;0.031
2014-10;NH;0.04
2014-10;NJ;0.066
2014-10;NM;0.065
2014-10;NV;0.075
2014-10;NY;0.06
2014-10;OH;0.054
2014-10;OK;0.042
2014-10;OR;0.064
2014-10;PA;0.055
2014-10;RI;0.07
2014-10;SC;0.067
2014-10;SD;0.033
2014-10;TN;0.065
2014-10;TX;0.048
2014-10;UT;0.037
2014-10;VA;0.051
2014-10;VT;0.038
2014-10;WA;0.06
2014-10;WI;0.05
2014-10;WV;0.065
2014-10;WY;0.041
2014-11;AK;0.066
2014-11;AL;0.062
2014-11;AR;0.057
2014-11;AZ;0.065
2014-11;CA;0.07
2014-11;CO;0.043
2014-11;CT;0.063
2014-11;DE;0.053
2014-11;FL;0.059
2014-11;GA;0.066
2014-11;HI;0.041
2014-11;IA;0.041
2014-11;ID;0.045
2014-11;IL;0.063
2014-11;IN;0.056
2014-11;KS;0.043
2014-11;KY;0.056
2014-11;LA;0.07
2014-11;MA;0.054
2014-11;MD;0.056
2014-11;ME;0.052
2014-11;MI;0.064
2014-11;MN;0.038
2014-11;MO;0.056
2014-11;MS;0.07
2014-11;MT;0.044
2014-11;NC;0.059
2014-11;ND;0.027
2014-11;NE;0.03
2014-11;NH;0.039
2014-11;NJ;0.066
2014-11;NM;0.064
2014-11;NV;0.074
2014-11;NY;0.059
2014-11;OH;0.053
2014-11;OK;0.042
2014-11;OR;0.062
2014-11;PA;0.054
2014-11;RI;0.068
2014-11;SC;0.066
2014-11;SD;0.033
2014-11;TN;0.064
2014-11;TX;0.047
2014-11;UT;0.037
2014-11;VA;0.05
2014-11;VT;0.038
2014-11;WA;0.059
2014-11;WI;0.049
2014-11;WV;0.065
2014-11;WY;0.04
2014-12;AK;0.065
2014-12;AL;0.061
2014-12;AR;0.056
2014-12;AZ;0.065
2014-12;CA;0.069
2014-12;CO;0.043
2014-12;CT;0.062
2014-12;DE;0.052
2014-12;FL;0.059
2014-12;GA;0.065
2014-12;HI;0.04
2014-12;IA;0.04
2014-12;ID;0.045
2014-12;IL;0.061
2014-12;IN;0.055
2014-12;KS;0.043
2014-12;KY;0.055
2014-12;LA;0.069
2014-12;MA;0.052
2014-12;MD;0.055
2014-12;ME;0.051
2014-12;MI;0.062
2014-12;MN;0.038
2014-12;MO;0.056
2014-12;MS;0.068
2014-12;MT;0.043
2014-12;NC;0.058
2014-12;ND;0.026
2014-12;NE;0.03
2014-12;NH;0.039
2014-12;NJ;0.065
2014-12;NM;0.064
2014-12;NV;0.073
2014-12;NY;0.058
2014-12;OH;0.052
2014-12;OK;0.042
2014-12;OR;0.061
2014-12;PA;0.054
2014-12;RI;0.067
2014-12;SC;0.065
2014-12;SD;0.033
2014-12;TN;0.063
2014-12;TX;0.046
2014-12;UT;0.036
2014-12;VA;0.049
2014-12;VT;0.038
2014-12;WA;0.058
2014-12;WI;0.049
2014-12;WV;0.065
2014-12;WY;0.039
2015-01;AK;0.065
2015-01;AL;0.061
2015-01;AR;0.056
2015-01;AZ;0.064
2015-01;CA;0.068
2015-01;CO;0.043
2015-01;CT;0.061
2015-01;DE;0.051
2015-01;FL;0.058
2015-01;GA;0.064
2015-01;HI;0.04
2015-01;IA;0.039
2015-01;ID;0.044
2015-01;IL;0.06
2015-01;IN;0.054
2015-01;KS;0.043
2015-01;KY;0.054
2015-01;LA;0.069
2015-01;MA;0.051
2015-01;MD;0.055
2015-01;ME;0.05
2015-01;MI;0.06
2015-01;MN;0.038
2015-01;MO;0.055
2015-01;MS;0.067
2015-01;MT;0.043
2015-01;NC;0.058
2015-01;ND;0.026
2015-01;NE;0.029
2015-01;NH;0.038
2015-01;NJ;0.065
2015-01;NM;0.065
2015-01;NV;0.072
2015-01;NY;0.057
2015-01;OH;0.051
2015-01;OK;0.042
2015-01;OR;0.06
2015-01;PA;0.054
2015-01;RI;0.066
2015-01;SC;0.065
2015-01;SD;0.033
2015-01;TN;0.062
2015-01;TX;0.045
2015-01;UT;0.036
2015-01;VA;0.049
2015-01;VT;0.038
2015-01;WA;0.058
2015-01;WI;0.048
2015-01;WV;0.067
2015-01;WY;0.039
2015-02;AK;0.065
2015-02;AL;0.061
2015-02;AR;0.056
2015-02;AZ;0.063
2015-02;CA;0.067
2015-02;CO;0.042
2015-02;CT;0.06
2015-02;DE;0.05
2015-02;FL;0.057
2015-02;GA;0.063
2015-02;HI;0.039
2015-02;IA;0.039
2015-02;ID;0.043
2015-02;IL;0.06
2015-02;IN;0.053
2015-02;KS;0.043
2015-02;KY;0.054
2015-02;LA;0.068
2015-02;MA;0.051
2015-02;MD;0.054
2015-02;ME;0.048
2015-02;MI;0.059
2015-02;MN;0.037
2015-02;MO;0.055
2015-02;MS;0.067
2015-02;MT;0.042
2015-02;NC;0.058
2015-02;ND;0.027
2015-02;NE;0.029
2015-02;NH;0.037
2015-02;NJ;0.064
2015-02;NM;0.065
2015-02;NV;0.071
2015-02;NY;0.057
2015-02;OH;0.051
2015-02;OK;0.042
2015-02;OR;0.059
2015-02;PA;0.054
2015-02;RI;0.065
2015-02;SC;0.064
2015-02;SD;0.033
2015-02;TN;0.061
2015-02;TX;0.044
2015-02;UT;0.036
2015-02;VA;0.048
2015-02;VT;0.037
2015-02;WA;0.057
2015-02;WI;0.047
2015-02;WV;0.068
2015-02;WY;0.039
2015-03;AK;0.065
2015-03;AL;0.061
2015-03;AR;0.055
2015-03;AZ;0.063
2015-03;CA;0.066
2015-03;CO;0.042
2015-03;CT;0.059
2015-03;DE;0.05
2015-03;FL;0.057
2015-03;GA;0.063
2015-03;HI;0.039
2015-03;IA;0.039
2015-03;ID;0.043
2015-03;IL;0.06
2015-03;IN;0.051
2015-03;KS;0.044
2015-03;KY;0.053
2015-03;LA;0.067
2015-03;MA;0.05
2015-03;MD;0.053
2015-03;ME;0.047
2015-03;MI;0.058
2015-03;MN;0.037
2015-03;MO;0.055
2015-03;MS;0.066
2015-03;MT;0.042
2015-03;NC;0.059
2015-03;ND;0.027
2015-03;NE;0.029
2015-03;NH;0.037
2015-03;NJ;0.063
2015-03;NM;0.066
2015-03;NV;0.07
2015-03;NY;0.056
2015-03;OH;0.051
2015-03;OK;0.043
2015-03;OR;0.058
2015-03;PA;0.054
2015-03;RI;0.064
2015-03;SC;0.064
2015-03;SD;0.032
2015-03;TN;0.06
2015-03;TX;0.044
2015-03;UT;0.036
2015-03;VA;0.048
2015-03;VT;0.037
2015-03;WA;0.057
2015-03;WI;0.047
2015-03;WV;0.069
2015-03;WY;0.04
2015-04;AK;0.065
2015-04;AL;0.061
2015-04;AR;0.054
2015-04;AZ;0.062
2015-04;CA;0.065
2015-04;CO;0.041
2015-04;CT;0.058
2015-04;DE;0.049
2015-04;FL;0.056
2015-04;GA;0.062
2015-04;HI;0.038
2015-04;IA;0.038
2015-04;ID;0.043
2015-04;IL;0.06
2015-04;IN;0.05
2015-04;KS;0.044
2015-04;KY;0.053
2015-04;LA;0.065
2015-04;MA;0.05
2015-04;MD;0.053
2015-04;ME;0.046
2015-04;MI;0.057
2015-04;MN;0.037
2015-04;MO;0.054
2015-04;MS;0.065
2015-04;MT;0.041
2015-04;NC;0.059
2015-04;ND;0.027
2015-04;NE;0.03
2015-04;NH;0.036
2015-04;NJ;0.062
2015-04;NM;0.066
2015-04;NV;0.07
2015-04;NY;0.055
2015-04;OH;0.051
2015-04;OK;0.044
2015-04;OR;0.058
2015-04;PA;0.054
2015-04;RI;0.063
2015-04;SC;0.063
2015-04;SD;0.032
2015-04;TN;0.059
2015-04;TX;0.044
2015-04;UT;0.036
2015-04;VA;0.047
2015-04;VT;0.036
2015-04;WA;0.057
2015-04;WI;0.047
2015-04;WV;0.07
2015-04;WY;0.041
2015-05;AK;0.065
2015-05;AL;0.062
2015-05;AR;0.053
2015-05;AZ;0.061
2015-05;CA;0.064
2015-05;CO;0.04
2015-05;CT;0.057
2015-05;DE;0.049
2015-05;FL;0.056
2015-05;GA;0.061
2015-05;HI;0.037
2015-05;IA;0.038
2015-05;ID;0.043
2015-05;IL;0.06
2015-05;IN;0.049
2015-05;KS;0.043
2015-05;KY;0.053
2015-05;LA;0.064
2015-05;MA;0.049
2015-05;MD;0.052
2015-05;ME;0.045
2015-05;MI;0.056
2015-05;MN;0.037
2015-05;MO;0.053
2015-05;MS;0.065
2015-05;MT;0.041
2015-05;NC;0.059
2015-05;ND;0.028
2015-05;NE;0.03
2015-05;NH;0.035
2015-05;NJ;0.06
2015-05;NM;0.066
2015-05;NV;0.069
2015-05;NY;0.054
2015-05;OH;0.05
2015-05;OK;0.044
2015-05;OR;0.057
2015-05;PA;0.054
2015-05;RI;0.062
2015-05;SC;0.061
2015-05;SD;0.032
2015-05;TN;0.058
2015-05;TX;0.044
2015-05;UT;0.036
2015-05;VA;0.046
2015-05;VT;0.036
2015-05;WA;0.056
2015-05;WI;0.046
2015-05;WV;0.071
2015-05;WY;0.042
2015-06;AK;0.065
2015-06;AL;0.062
2015-06;AR;0.052
2015-06;AZ;0.06
2015-06;CA;0.062
2015-06;CO;0.039
2015-06;CT;0.057
2015-06;DE;0.049
2015-06;FL;0.055
2015-06;GA;0.06
2015-06;HI;0.036
2015-06;IA;0.038
2015-06;ID;0.043
2015-06;IL;0.059
2015-06;IN;0.048
2015-06;KS;0.042
2015-06;KY;0.053
2015-06;LA;0.063
2015-06;MA;0.048
2015-06;MD;0.051
2015-06;ME;0.044
2015-06;MI;0.055
2015-06;MN;0.037
2015-06;MO;0.051
2015-06;MS;0.064
2015-06;MT;0.042
2015-06;NC;0.059
2015-06;ND;0.028
2015-06;NE;0.03
2015-06;NH;0.034
2015-06;NJ;0.059
2015-06;NM;0.065
2015-06;NV;0.068
2015-06;NY;0.053
2015-06;OH;0.049
2015-06;OK;0.045
2015-06;OR;0.057
2015-06;PA;0.053
2015-06;RI;0.06
2015-06;SC;0.06
2015-06;SD;0.032
2015-06;TN;0.057
2015-06;TX;0.044
2015-06;UT;0.036
2015-06;VA;0.045
2015-06;VT;0.036
2015-06;WA;0.056
2015-06;WI;0.045
2015-06;WV;0.07
2015-06;WY;0.043
2015-07;AK;0.065
2015-07;AL;0.061
2015-07;AR;0.05
2015-07;AZ;0.06
2015-07;CA;0.061
2015-07;CO;0.038
2015-07;CT;0.056
2015-07;DE;0.048
2015-07;FL;0.054
2015-07;GA;0.059
2015-07;HI;0.035
2015-07;IA;0.037
2015-07;ID;0.042
2015-07;IL;0.059
2015-07;IN;0.047
2015-07;KS;0.041
2015-07;KY;0.052
2015-07;LA;0.062
2015-07;MA;0.048
2015-07;MD;0.05
2015-07;ME;0.043
2015-07;MI;0.053
2015-07;MN;0.037
2015-07;MO;0.049
2015-07;MS;0.063
2015-07;MT;0.042
2015-07;NC;0.058
2015-07;ND;0.028
2015-07;NE;0.03
2015-07;NH;0.033
2015-07;NJ;0.057
2015-07;NM;0.065
2015-07;NV;0.068
2015-07;NY;0.052
2015-07;OH;0.048
2015-07;OK;0.044
2015-07;OR;0.056
2015-07;PA;0.053
2015-07;RI;0.059
2015-07;SC;0.058
2015-07;SD;0.031
2015-07;TN;0.056
2015-07;TX;0.044
2015-07;UT;0.036
2015-07;VA;0.044
2015-07;VT;0.036
2015-07;WA;0.056
2015-07;WI;0.045
2015-07;WV;0.069
2015-07;WY;0.044
2015-08;AK;0.065
2015-08;AL;0.061
2015-08;AR;0.048
2015-08;AZ;0.06
2015-08;CA;0.06
2015-08;CO;0.037
2015-08;CT;0.056
2015-08;DE;0.048
2015-08;FL;0.053
2015-08;GA;0.058
2015-08;HI;0.034
2015-08;IA;0.037
2015-08;ID;0.042
2015-08;IL;0.059
2015-08;IN;0.046
2015-08;KS;0.04
2015-08;KY;0.052
2015-08;LA;0.061
2015-08;MA;0.047
2015-08;MD;0.05
2015-08;ME;0.042
2015-08;MI;0.052
2015-08;MN;0.036
2015-08;MO;0.047
2015-08;MS;0.063
2015-08;MT;0.042
2015-08;NC;0.057
2015-08;ND;0.028
2015-08;NE;0.031
2015-08;NH;0.032
2015-08;NJ;0.055
2015-08;NM;0.065
2015-08;NV;0.067
2015-08;NY;0.05
2015-08;OH;0.047
2015-08;OK;0.044
2015-08;OR;0.055
2015-08;PA;0.052
2015-08;RI;0.058
2015-08;SC;0.057
2015-08;SD;0.031
2015-08;TN;0.054
2015-08;TX;0.044
2015-08;UT;0.036
2015-08;VA;0.043
2015-08;VT;0.035
2015-08;WA;0.056
2015-08;WI;0.044
2015-08;WV;0.067
2015-08;WY;0.044
2015-09;AK;0.065
2015-09;AL;0.061
2015-09;AR;0.047
2015-09;AZ;0.059
2015-09;CA;0.059
2015-09;CO;0.037
2015-09;CT;0.056
2015-09;DE;0.048
2015-09;FL;0.053
2015-09;GA;0.057
2015-09;HI;0.034
2015-09;IA;0.037
2015-09;ID;0.042
2015-09;IL;0.059
2015-09;IN;0.046
2015-09;KS;0.04
2015-09;KY;0.052
2015-09;LA;0.06
2015-09;MA;0.046
2015-09;MD;0.049
2015-09;ME;0.041
2015-09;MI;0.051
2015-09;MN;0.036
2015-09;MO;0.046
2015-09;MS;0.062
2015-09;MT;0.042
2015-09;NC;0.056
2015-09;ND;0.028
2015-09;NE;0.031
2015-09;NH;0.032
2015-09;NJ;0.054
2015-09;NM;0.065
2015-09;NV;0.066
2015-09;NY;0.05
2015-09;OH;0.047
2015-09;OK;0.044
2015-09;OR;0.054
2015-09;PA;0.052
2015-09;RI;0.057
2015-09;SC;0.056
2015-09;SD;0.03
2015-09;TN;0.053
2015-09;TX;0.044
2015-09;UT;0.036
2015-09;VA;0.042
2015-09;VT;0.035
2015-09;WA;0.056
2015-09;WI;0.044
2015-09;WV;0.066
2015-09;WY;0.045
2015-10;AK;0.066
2015-10;AL;0.06
2015-10;AR;0.045
2015-10;AZ;0.058
2015-10;CA;0.058
2015-10;CO;0.036
2015-10;CT;0.056
2015-10;DE;0.047
2015-10;FL;0.052
2015-10;GA;0.056
2015-10;HI;0.033
2015-10;IA;0.037
2015-10;ID;0.041
2015-10;IL;0.059
2015-10;IN;0.045
2015-10;KS;0.04
2015-10;KY;0.053
2015-10;LA;0.06
2015-10;MA;0.046
2015-10;MD;0.048
2015-10;ME;0.04
2015-10;MI;0.05
2015-10;MN;0.036
2015-10;MO;0.045
2015-10;MS;0.062
2015-10;MT;0.042
2015-10;NC;0.055
2015-10;ND;0.029
2015-10;NE;0.031
2015-10;NH;0.031
2015-10;NJ;0.052
2015-10;NM;0.065
2015-10;NV;0.065
2015-10;NY;0.049
2015-10;OH;0.047
2015-10;OK;0.045
2015-10;OR;0.053
2015-10;PA;0.052
2015-10;RI;0.056
2015-10;SC;0.056
2015-10;SD;0.03
2015-10;TN;0.052
2015-10;TX;0.044
2015-10;UT;0.036
2015-10;VA;0.041
2015-10;VT;0.035
2015-10;WA;0.056
2015-10;WI;0.044
2015-10;WV;0.065
2015-10;WY;0.045
2015-11;AK;0.066
2015-11;AL;0.06
2015-11;AR;0.044
2015-11;AZ;0.058
2015-11;CA;0.057
2015-11;CO;0.035
2015-11;CT;0.056
2015-11;DE;0.047
2015-11;FL;0.051
2015-11;GA;0.056
2015-11;HI;0.032
2015-11;IA;0.037
2015-11;ID;0.041
2015-11;IL;0.06
2015-11;IN;0.046
2015-11;KS;0.039
2015-11;KY;0.053
2015-11;LA;0.06
2015-11;MA;0.045
2015-11;MD;0.047
2015-11;ME;0.04
2015-11;MI;0.049
2015-11;MN;0.036
2015-11;MO;0.045
2015-11;MS;0.062
2015-11;MT;0.042
2015-11;NC;0.054
2015-11;ND;0.029
2015-11;NE;0.031
2015-11;NH;0.03
2015-11;NJ;0.051
2015-11;NM;0.065
2015-11;NV;0.064
2015-11;NY;0.049
2015-11;OH;0.048
2015-11;OK;0.045
2015-11;OR;0.052
2015-11;PA;0.052
2015-11;RI;0.055
2015-11;SC;0.055
2015-11;SD;0.029
2015-11;TN;0.05
2015-11;TX;0.045
2015-11;UT;0.036
2015-11;VA;0.041
2015-11;VT;0.034
2015-11;WA;0.056
2015-11;WI;0.043
2015-11;WV;0.064
2015-11;WY;0.047
2015-12;AK;0.067
2015-12;AL;0.06
2015-12;AR;0.043
2015-12;AZ;0.057
2015-12;CA;0.057
2015-12;CO;0.035
2015-12;CT;0.056
2015-12;DE;0.046
2015-12;FL;0.051
2015-12;GA;0.056
2015-12;HI;0.031
2015-12;IA;0.037
2015-12;ID;0.04
2015-12;IL;0.061
2015-12;IN;0.046
2015-12;KS;0.039
2015-12;KY;0.053
2015-12;LA;0.061
2015-12;MA;0.044
2015-12;MD;0.047
2015-12;ME;0.039
2015-12;MI;0.049
2015-12;MN;0.037
2015-12;MO;0.044
2015-12;MS;0.062
2015-12;MT;0.042
2015-12;NC;0.054
2015-12;ND;0.03
2015-12;NE;0.031
2015-12;NH;0.029
2015-12;NJ;0.051
2015-12;NM;0.066
2015-12;NV;0.063
2015-12;NY;0.049
2015-12;OH;0.049
2015-12;OK;0.046
2015-12;OR;0.051
2015-12;PA;0.052
2015-12;RI;0.055
2015-12;SC;0.055
2015-12;SD;0.029
2015-12;TN;0.049
2015-12;TX;0.045
2015-12;UT;0.036
2015-12;VA;0.041
2015-12;VT;0.034
2015-12;WA;0.056
2015-12;WI;0.043
2015-12;WV;0.064
2015-12;WY;0.049
2016-01;AK;0.067
2016-01;AL;0.06
2016-01;AR;0.042
2016-01;AZ;0.057
2016-01;CA;0.057
2016-01;CO;0.035
2016-01;CT;0.055
2016-01;DE;0.046
2016-01;FL;0.05
2016-01;GA;0.055
2016-01;HI;0.031
2016-01;IA;0.036
2016-01;ID;0.04
2016-01;IL;0.061
2016-01;IN;0.046
2016-01;KS;0.039
2016-01;KY;0.053
2016-01;LA;0.061
2016-01;MA;0.043
2016-01;MD;0.046
2016-01;ME;0.039
2016-01;MI;0.049
2016-01;MN;0.037
2016-01;MO;0.044
2016-01;MS;0.062
2016-01;MT;0.042
2016-01;NC;0.053
2016-01;ND;0.031
2016-01;NE;0.03
2016-01;NH;0.029
2016-01;NJ;0.05
2016-01;NM;0.066
2016-01;NV;0.062
2016-01;NY;0.049
2016-01;OH;0.049
2016-01;OK;0.046
2016-01;OR;0.051
2016-01;PA;0.053
2016-01;RI;0.055
2016-01;SC;0.054
2016-01;SD;0.029
2016-01;TN;0.048
2016-01;TX;0.045
2016-01;UT;0.036
2016-01;VA;0.041
2016-01;VT;0.033
2016-01;WA;0.055
2016-01;WI;0.042
2016-01;WV;0.064
2016-01;WY;0.051
2016-02;AK;0.068
2016-02;AL;0.06
2016-02;AR;0.041
2016-02;AZ;0.056
2016-02;CA;0.056
2016-02;CO;0.034
2016-02;CT;0.055
2016-02;DE;0.045
2016-02;FL;0.05
2016-02;GA;0.055
2016-02;HI;0.03
2016-02;IA;0.036
2016-02;ID;0.039
2016-02;IL;0.061
2016-02;IN;0.047
2016-02;KS;0.039
2016-02;KY;0.052
2016-02;LA;0.061
2016-02;MA;0.042
2016-02;MD;0.045
2016-02;ME;0.038
2016-02;MI;0.049
2016-02;MN;0.037
2016-02;MO;0.044
2016-02;MS;0.061
2016-02;MT;0.042
2016-02;NC;0.052
2016-02;ND;0.032
2016-02;NE;0.031
2016-02;NH;0.028
2016-02;NJ;0.051
2016-02;NM;0.066
2016-02;NV;0.061
2016-02;NY;0.048
2016-02;OH;0.05
2016-02;OK;0.047
2016-02;OR;0.05
2016-02;PA;0.053
2016-02;RI;0.054
2016-02;SC;0.054
2016-02;SD;0.028
2016-02;TN;0.047
2016-02;TX;0.045
2016-02;UT;0.036
2016-02;VA;0.04
2016-02;VT;0.033
2016-02;WA;0.055
2016-02;WI;0.041
2016-02;WV;0.064
2016-02;WY;0.053
2016-03;AK;0.068
2016-03;AL;0.059
2016-03;AR;0.041
2016-03;AZ;0.055
2016-03;CA;0.056
2016-03;CO;0.034
2016-03;CT;0.054
2016-03;DE;0.045
2016-03;FL;0.049
2016-03;GA;0.054
2016-03;HI;0.03
2016-03;IA;0.036
2016-03;ID;0.039
2016-03;IL;0.061
2016-03;IN;0.047
2016-03;KS;0.039
2016-03;KY;0.051
2016-03;LA;0.061
2016-03;MA;0.041
2016-03;MD;0.045
2016-03;ME;0.038
2016-03;MI;0.049
2016-03;MN;0.037
2016-03;MO;0.044
2016-03;MS;0.06
2016-03;MT;0.042
2016-03;NC;0.052
2016-03;ND;0.032
2016-03;NE;0.031
2016-03;NH;0.028
2016-03;NJ;0.051
2016-03;NM;0.066
2016-03;NV;0.06
2016-03;NY;0.048
2016-03;OH;0.05
2016-03;OK;0.048
2016-03;OR;0.05
2016-03;PA;0.053
2016-03;RI;0.054
2016-03;SC;0.053
2016-03;SD;0.029
2016-03;TN;0.047
2016-03;TX;0.045
2016-03;UT;0.036
2016-03;VA;0.04
2016-03;VT;0.033
2016-03;WA;0.055
2016-03;WI;0.041
2016-03;WV;0.064
2016-03;WY;0.055
2016-04;AK;0.068
2016-04;AL;0.059
2016-04;AR;0.04
2016-04;AZ;0.055
2016-04;CA;0.055
2016-04;CO;0.034
2016-04;CT;0.053
2016-04;DE;0.045
2016-04;FL;0.048
2016-04;GA;0.054
2016-04;HI;0.03
2016-04;IA;0.036
2016-04;ID;0.039
2016-04;IL;0.06
2016-04;IN;0.047
2016-04;KS;0.04
2016-04;KY;0.051
2016-04;LA;0.061
2016-04;MA;0.04
2016-04;MD;0.044
2016-04;ME;0.038
2016-04;MI;0.049
2016-04;MN;0.038
2016-04;MO;0.045
2016-04;MS;0.06
2016-04;MT;0.042
2016-04;NC;0.051
2016-04;ND;0.032
2016-04;NE;0.031
2016-04;NH;0.029
2016-04;NJ;0.051
2016-04;NM;0.067
2016-04;NV;0.059
2016-04;NY;0.048
2016-04;OH;0.05
2016-04;OK;0.048
2016-04;OR;0.05
2016-04;PA;0.054
2016-04;RI;0.054
2016-04;SC;0.052
2016-04;SD;0.029
2016-04;TN;0.047
2016-04;TX;0.045
2016-04;UT;0.035
2016-04;VA;0.04
2016-04;VT;0.033
2016-04;WA;0.054
2016-04;WI;0.041
2016-04;WV;0.063
2016-04;WY;0.056
2016-05;AK;0.069
2016-05;AL;0.058
2016-05;AR;0.04
2016-05;AZ;0.054
2016-05;CA;0.055
2016-05;CO;0.034
2016-05;CT;0.053
2016-05;DE;0.045
2016-05;FL;0.048
2016-05;GA;0.053
2016-05;HI;0.03
2016-05;IA;0.037
2016-05;ID;0.038
2016-05;IL;0.059
2016-05;IN;0.046
2016-05;KS;0.04
2016-05;KY;0.051
2016-05;LA;0.061
2016-05;MA;0.039
2016-05;MD;0.044
2016-05;ME;0.038
2016-05;MI;0.049
2016-05;MN;0.038
2016-05;MO;0.046
2016-05;MS;0.059
2016-05;MT;0.042
2016-05;NC;0.05
2016-05;ND;0.032
2016-05;NE;0.031
2016-05;NH;0.029
2016-05;NJ;0.051
2016-05;NM;0.067
2016-05;NV;0.058
2016-05;NY;0.048
2016-05;OH;0.05
2016-05;OK;0.049
2016-05;OR;0.05
2016-05;PA;0.054
2016-05;RI;0.054
2016-05;SC;0.051
2016-05;SD;0.029
2016-05;TN;0.047
2016-05;TX;0.046
2016-05;UT;0.035
2016-05;VA;0.04
2016-05;VT;0.033
2016-05;WA;0.054
2016-05;WI;0.041
2016-05;WV;0.062
2016-05;WY;0.056
2016-06;AK;0.069
2016-06;AL;0.058
2016-06;AR;0.04
2016-06;AZ;0.054
2016-06;CA;0.055
2016-06;CO;0.034
2016-06;CT;0.052
2016-06;DE;0.045
2016-06;FL;0.048
2016-06;GA;0.053
2016-06;HI;0.03
2016-06;IA;0.037
2016-06;ID;0.038
2016-06;IL;0.059
2016-06;IN;0.045
2016-06;KS;0.041
2016-06;KY;0.051
2016-06;LA;0.061
2016-06;MA;0.038
2016-06;MD;0.044
2016-06;ME;0.039
2016-06;MI;0.049
2016-06;MN;0.038
2016-06;MO;0.047
2016-06;MS;0.059
2016-06;MT;0.042
2016-06;NC;0.05
2016-06;ND;0.031
2016-06;NE;0.031
2016-06;NH;0.029
2016-06;NJ;0.051
2016-06;NM;0.067
2016-06;NV;0.058
2016-06;NY;0.048
2016-06;OH;0.05
2016-06;OK;0.049
2016-06;OR;0.05
2016-06;PA;0.054
2016-06;RI;0.053
2016-06;SC;0.05
2016-06;SD;0.03
2016-06;TN;0.047
2016-06;TX;0.046
2016-06;UT;0.035
2016-06;VA;0.041
2016-06;VT;0.033
2016-06;WA;0.054
2016-06;WI;0.041
2016-06;WV;0.061
2016-06;WY;0.055
2016-07;AK;0.07
2016-07;AL;0.058
2016-07;AR;0.039
2016-07;AZ;0.053
2016-07;CA;0.055
2016-07;CO;0.033
2016-07;CT;0.051
2016-07;DE;0.045
2016-07;FL;0.048
2016-07;GA;0.053
2016-07;HI;0.03
2016-07;IA;0.037
2016-07;ID;0.038
2016-07;IL;0.058
2016-07;IN;0.044
2016-07;KS;0.041
2016-07;KY;0.051
2016-07;LA;0.061
2016-07;MA;0.037
2016-07;MD;0.044
2016-07;ME;0.039
2016-07;MI;0.05
2016-07;MN;0.039
2016-07;MO;0.048
2016-07;MS;0.058
2016-07;MT;0.042
2016-07;NC;0.05
2016-07;ND;0.031
2016-07;NE;0.031
2016-07;NH;0.029
2016-07;NJ;0.05
2016-07;NM;0.068
2016-07;NV;0.057
2016-07;NY;0.049
2016-07;OH;0.05
2016-07;OK;0.049
2016-07;OR;0.049
2016-07;PA;0.055
2016-07;RI;0.053
2016-07;SC;0.049
2016-07;SD;0.03
2016-07;TN;0.047
2016-07;TX;0.047
2016-07;UT;0.034
2016-07;VA;0.041
2016-07;VT;0.032
2016-07;WA;0.053
2016-07;WI;0.04
2016-07;WV;0.061
2016-07;WY;0.054
2016-08;AK;0.07
2016-08;AL;0.058
2016-08;AR;0.039
2016-08;AZ;0.053
2016-08;CA;0.054
2016-08;CO;0.033
2016-08;CT;0.05
2016-08;DE;0.045
2016-08;FL;0.048
2016-08;GA;0.053
2016-08;HI;0.029
2016-08;IA;0.036
2016-08;ID;0.037
2016-08;IL;0.057
2016-08;IN;0.043
2016-08;KS;0.041
2016-08;KY;0.051
2016-08;LA;0.061
2016-08;MA;0.037
2016-08;MD;0.044
2016-08;ME;0.039
2016-08;MI;0.05
2016-08;MN;0.04
2016-08;MO;0.048
2016-08;MS;0.058
2016-08;MT;0.041
2016-08;NC;0.05
2016-08;ND;0.03
2016-08;NE;0.031
2016-08;NH;0.029
2016-08;NJ;0.05
2016-08;NM;0.068
2016-08;NV;0.056
2016-08;NY;0.049
2016-08;OH;0.05
2016-08;OK;0.049
2016-08;OR;0.048
2016-08;PA;0.055
2016-08;RI;0.052
2016-08;SC;0.048
2016-08;SD;0.031
2016-08;TN;0.047
2016-08;TX;0.047
2016-08;UT;0.034
2016-08;VA;0.042
2016-08;VT;0.032
2016-08;WA;0.052
2016-08;WI;0.04
2016-08;WV;0.06
2016-08;WY;0.053
2016-09;AK;0.07
2016-09;AL;0.059
2016-09;AR;0.039
2016-09;AZ;0.052
2016-09;CA;0.054
2016-09;CO;0.032
2016-09;CT;0.05
2016-09;DE;0.045
2016-09;FL;0.048
2016-09;GA;0.053
2016-09;HI;0.029
2016-09;IA;0.036
2016-09;ID;0.037
2016-09;IL;0.057
2016-09;IN;0.043
2016-09;KS;0.042
2016-09;KY;0.051
2016-09;LA;0.061
2016-09;MA;0.037
2016-09;MD;0.044
2016-09;ME;0.038
2016-09;MI;0.051
2016-09;MN;0.04
2016-09;MO;0.048
2016-09;MS;0.057
2016-09;MT;0.041
2016-09;NC;0.051
2016-09;ND;0.03
2016-09;NE;0.031
2016-09;NH;0.029
2016-09;NJ;0.049
2016-09;NM;0.067
2016-09;NV;0.055
2016-09;NY;0.049
2016-09;OH;0.051
2016-09;OK;0.049
2016-09;OR;0.047
2016-09;PA;0.055
2016-09;RI;0.051
2016-09;SC;0.047
2016-09;SD;0.031
2016-09;TN;0.048
2016-09;TX;0.047
2016-09;UT;0.033
2016-09;VA;0.042
2016-09;VT;0.032
2016-09;WA;0.051
2016-09;WI;0.04
2016-09;WV;0.06
2016-09;WY;0.051
2016-10;AK;0.07
2016-10;AL;0.059
2016-10;AR;0.038
2016-10;AZ;0.052
2016-10;CA;0.054
2016-10;CO;0.031
2016-10;CT;0.049
2016-10;DE;0.045
2016-10;FL;0.048
2016-10;GA;0.054
2016-10;HI;0.029
2016-10;IA;0.036
2016-10;ID;0.036
2016-10;IL;0.056
2016-10;IN;0.042
2016-10;KS;0.041
2016-10;KY;0.052
2016-10;LA;0.06
2016-10;MA;0.037
2016-10;MD;0.044
2016-10;ME;0.037
2016-10;MI;0.051
2016-10;MN;0.04
2016-10;MO;0.047
2016-10;MS;0.056
2016-10;MT;0.04
2016-10;NC;0.051
2016-10;ND;0.029
2016-10;NE;0.031
2016-10;NH;0.028
2016-10;NJ;0.049
2016-10;NM;0.067
2016-10;NV;0.055
2016-10;NY;0.049
2016-10;OH;0.052
2016-10;OK;0.049
2016-10;OR;0.046
2016-10;PA;0.055
2016-10;RI;0.05
2016-10;SC;0.047
2016-10;SD;0.031
2016-10;TN;0.048
2016-10;TX;0.048
2016-10;UT;0.033
2016-10;VA;0.042
2016-10;VT;0.032
2016-10;WA;0.051
2016-10;WI;0.039
2016-10;WV;0.059
2016-10;WY;0.05
2016-11;AK;0.07
2016-11;AL;0.058
2016-11;AR;0.038
2016-11;AZ;0.052
2016-11;CA;0.054
2016-11;CO;0.03
2016-11;CT;0.049
2016-11;DE;0.046
2016-11;FL;0.047
2016-11;GA;0.054
2016-11;HI;0.028
2016-11;IA;0.035
2016-11;ID;0.036
2016-11;IL;0.055
2016-11;IN;0.041
2016-11;KS;0.041
2016-11;KY;0.052
2016-11;LA;0.059
2016-11;MA;0.038
2016-11;MD;0.044
2016-11;ME;0.036
2016-11;MI;0.052
2016-11;MN;0.04
2016-11;MO;0.045
2016-11;MS;0.056
2016-11;MT;0.04
2016-11;NC;0.051
2016-11;ND;0.029
2016-11;NE;0.031
2016-11;NH;0.028
2016-11;NJ;0.048
2016-11;NM;0.067
2016-11;NV;0.054
2016-11;NY;0.049
2016-11;OH;0.052
2016-11;OK;0.048
2016-11;OR;0.044
2016-11;PA;0.054
2016-11;RI;0.048
2016-11;SC;0.046
2016-11;SD;0.031
2016-11;TN;0.047
2016-11;TX;0.048
2016-11;UT;0.033
2016-11;VA;0.041
2016-11;VT;0.032
2016-11;WA;0.05
2016-11;WI;0.038
2016-11;WV;0.057
2016-11;WY;0.05
2016-12;AK;0.07
2016-12;AL;0.057
2016-12;AR;0.037
2016-12;AZ;0.052
2016-12;CA;0.053
2016-12;CO;0.029
2016-12;CT;0.049
2016-12;DE;0.046
2016-12;FL;0.047
2016-12;GA;0.053
2016-12;HI;0.028
2016-12;IA;0.035
2016-12;ID;0.035
2016-12;IL;0.054
2016-12;IN;0.04
2016-12;KS;0.04
2016-12;KY;0.052
2016-12;LA;0.059
2016-12;MA;0.038
2016-12;MD;0.044
2016-12;ME;0.035
2016-12;MI;0.051
2016-12;MN;0.039
2016-12;MO;0.043
2016-12;MS;0.055
2016-12;MT;0.04
2016-12;NC;0.05
2016-12;ND;0.028
2016-12;NE;0.031
2016-12;NH;0.028
2016-12;NJ;0.047
2016-12;NM;0.066
2016-12;NV;0.053
2016-12;NY;0.048
2016-12;OH;0.052
2016-12;OK;0.047
2016-12;OR;0.043
2016-12;PA;0.053
2016-12;RI;0.047
2016-12;SC;0.046
2016-12;SD;0.032
2016-12;TN;0.047
2016-12;TX;0.048
2016-12;UT;0.033
2016-12;VA;0.041
2016-12;VT;0.031
2016-12;WA;0.049
2016-12;WI;0.037
2016-12;WV;0.055
2016-12;WY;0.049
2017-01;AK;0.07
2017-01;AL;0.055
2017-01;AR;0.037
2017-01;AZ;0.052
2017-01;CA;0.052
2017-01;CO;0.028
2017-01;CT;0.049
2017-01;DE;0.046
2017-01;FL;0.046
2017-01;GA;0.053
2017-01;HI;0.027
2017-01;IA;0.034
2017-01;ID;0.035
2017-01;IL;0.052
2017-01;IN;0.038
2017-01;KS;0.039
2017-01;KY;0.052
2017-01;LA;0.058
2017-01;MA;0.039
2017-01;MD;0.043
2017-01;ME;0.034
2017-01;MI;0.05
2017-01;MN;0.038
2017-01;MO;0.041
2017-01;MS;0.054
2017-01;MT;0.04
2017-01;NC;0.049
2017-01;ND;0.028
2017-01;NE;0.031
2017-01;NH;0.028
2017-01;NJ;0.046
2017-01;NM;0.065
2017-01;NV;0.053
2017-01;NY;0.047
2017-01;OH;0.052
2017-01;OK;0.046
2017-01;OR;0.042
2017-01;PA;0.052
2017-01;RI;0.046
2017-01;SC;0.045
2017-01;SD;0.032
2017-01;TN;0.045
2017-01;TX;0.048
2017-01;UT;0.033
2017-01;VA;0.04
2017-01;VT;0.031
2017-01;WA;0.049
2017-01;WI;0.035
2017-01;WV;0.053
2017-01;WY;0.047
2017-02;AK;0.07
2017-02;AL;0.053
2017-02;AR;0.036
2017-02;AZ;0.051
2017-02;CA;0.051
2017-02;CO;0.027
2017-02;CT;0.049
2017-02;DE;0.046
2017-02;FL;0.045
2017-02;GA;0.052
2017-02;HI;0.027
2017-02;IA;0.034
2017-02;ID;0.034
2017-02;IL;0.051
2017-02;IN;0.037
2017-02;KS;0.038
2017-02;KY;0.051
2017-02;LA;0.057
2017-02;MA;0.039
2017-02;MD;0.043
2017-02;ME;0.033
2017-02;MI;0.048
2017-02;MN;0.037
2017-02;MO;0.04
2017-02;MS;0.054
2017-02;MT;0.04
2017-02;NC;0.048
2017-02;ND;0.027
2017-02;NE;0.03
2017-02;NH;0.028
2017-02;NJ;0.046
2017-02;NM;0.064
2017-02;NV;0.052
2017-02;NY;0.047
2017-02;OH;0.051
2017-02;OK;0.046
2017-02;OR;0.041
2017-02;PA;0.051
2017-02;RI;0.045
2017-02;SC;0.044
2017-02;SD;0.032
2017-02;TN;0.044
2017-02;TX;0.047
2017-02;UT;0.033
2017-02;VA;0.04
2017-02;VT;0.031
2017-02;WA;0.048
2017-02;WI;0.034
2017-02;WV;0.051
2017-02;WY;0.045
2017-03;AK;0.071
2017-03;AL;0.05
2017-03;AR;0.036
2017-03;AZ;0.051
2017-03;CA;0.05
2017-03;CO;0.026
2017-03;CT;0.049
2017-03;DE;0.046
2017-03;FL;0.044
2017-03;GA;0.05
2017-03;HI;0.026
2017-03;IA;0.033
2017-03;ID;0.033
2017-03;IL;0.05
2017-03;IN;0.036
2017-03;KS;0.037
2017-03;KY;0.052
2017-03;LA;0.056
2017-03;MA;0.039
2017-03;MD;0.042
2017-03;ME;0.033
2017-03;MI;0.046
2017-03;MN;0.036
2017-03;MO;0.039
2017-03;MS;0.053
2017-03;MT;0.04
2017-03;NC;0.047
2017-03;ND;0.026
2017-03;NE;0.03
2017-03;NH;0.027
2017-03;NJ;0.045
2017-03;NM;0.063
2017-03;NV;0.052
2017-03;NY;0.047
2017-03;OH;0.051
2017-03;OK;0.045
2017-03;OR;0.041
2017-03;PA;0.05
2017-03;RI;0.044
2017-03;SC;0.043
2017-03;SD;0.032
2017-03;TN;0.042
2017-03;TX;0.046
2017-03;UT;0.033
2017-03;VA;0.039
2017-03;VT;0.031
2017-03;WA;0.048
2017-03;WI;0.033
2017-03;WV;0.05
2017-03;WY;0.043
2017-04;AK;0.071
2017-04;AL;0.048
2017-04;AR;0.036
2017-04;AZ;0.05
2017-04;CA;0.05
2017-04;CO;0.026
2017-04;CT;0.048
2017-04;DE;0.046
2017-04;FL;0.043
2017-04;GA;0.049
2017-04;HI;0.025
2017-04;IA;0.033
2017-04;ID;0.033
2017-04;IL;0.049
2017-04;IN;0.035
2017-04;KS;0.036
2017-04;KY;0.052
2017-04;LA;0.054
2017-04;MA;0.039
2017-04;MD;0.042
2017-04;ME;0.033
2017-04;MI;0.044
2017-04;MN;0.035
2017-04;MO;0.038
2017-04;MS;0.053
2017-04;MT;0.04
2017-04;NC;0.046
2017-04;ND;0.025
2017-04;NE;0.029
2017-04;NH;0.027
2017-04;NJ;0.045
2017-04;NM;0.063
2017-04;NV;0.051
2017-04;NY;0.047
2017-04;OH;0.051
2017-04;OK;0.044
2017-04;OR;0.041
2017-04;PA;0.049
2017-04;RI;0.044
2017-04;SC;0.043
2017-04;SD;0.033
2017-04;TN;0.04
2017-04;TX;0.045
2017-04;UT;0.033
2017-04;VA;0.038
2017-04;VT;0.031
2017-04;WA;0.048
2017-04;WI;0.033
2017-04;WV;0.05
2017-04;WY;0.041
2017-05;AK;0.071
2017-05;AL;0.046
2017-05;AR;0.036
2017-05;AZ;0.049
2017-05;CA;0.049
2017-05;CO;0.026
2017-05;CT;0.047
2017-05;DE;0.046
2017-05;FL;0.042
2017-05;GA;0.048
2017-05;HI;0.024
2017-05;IA;0.032
2017-05;ID;0.032
2017-05;IL;0.049
2017-05;IN;0.035
2017-05;KS;0.036
2017-05;KY;0.051
2017-05;LA;0.053
2017-05;MA;0.038
2017-05;MD;0.041
2017-05;ME;0.034
2017-05;MI;0.044
2017-05;MN;0.035
2017-05;MO;0.037
2017-05;MS;0.053
2017-05;MT;0.04
2017-05;NC;0.045
2017-05;ND;0.025
2017-05;NE;0.029
2017-05;NH;0.027
2017-05;NJ;0.045
2017-05;NM;0.062
2017-05;NV;0.051
2017-05;NY;0.047
2017-05;OH;0.051
2017-05;OK;0.043
2017-05;OR;0.041
2017-05;PA;0.049
2017-05;RI;0.044
2017-05;SC;0.042
2017-05;SD;0.033
2017-05;TN;0.038
2017-05;TX;0.044
2017-05;UT;0.033
2017-05;VA;0.038
2017-05;VT;0.031
2017-05;WA;0.048
2017-05;WI;0.033
2017-05;WV;0.05
2017-05;WY;0.04
2017-06;AK;0.072
2017-06;AL;0.043
2017-06;AR;0.037
2017-06;AZ;0.048
2017-06;CA;0.048
2017-06;CO;0.027
2017-06;CT;0.047
2017-06;DE;0.046
2017-06;FL;0.041
2017-06;GA;0.047
2017-06;HI;0.024
2017-06;IA;0.032
2017-06;ID;0.032
2017-06;IL;0.049
2017-06;IN;0.035
2017-06;KS;0.036
2017-06;KY;0.051
2017-06;LA;0.052
2017-06;MA;0.038
2017-06;MD;0.041
2017-06;ME;0.035
2017-06;MI;0.044
2017-06;MN;0.034
2017-06;MO;0.037
2017-06;MS;0.052
2017-06;MT;0.04
2017-06;NC;0.044
2017-06;ND;0.025
2017-06;NE;0.029
2017-06;NH;0.027
2017-06;NJ;0.046
2017-06;NM;0.061
2017-06;NV;0.051
2017-06;NY;0.047
2017-06;OH;0.051
2017-06;OK;0.043
2017-06;OR;0.041
2017-06;PA;0.048
2017-06;RI;0.044
2017-06;SC;0.042
2017-06;SD;0.033
2017-06;TN;0.036
2017-06;TX;0.042
2017-06;UT;0.033
2017-06;VA;0.037
2017-06;VT;0.03
2017-06;WA;0.048
2017-06;WI;0.033
2017-06;WV;0.05
2017-06;WY;0.04
2017-07;AK;0.072
2017-07;AL;0.041
2017-07;AR;0.037
2017-07;AZ;0.047
2017-07;CA;0.047
2017-07;CO;0.028
2017-07;CT;0.046
2017-07;DE;0.046
2017-07;FL;0.041
2017-07;GA;0.046
2017-07;HI;0.023
2017-07;IA;0.031
2017-07;ID;0.031
2017-07;IL;0.05
2017-07;IN;0.036
2017-07;KS;0.036
2017-07;KY;0.05
2017-07;LA;0.05
2017-07;MA;0.037
2017-07;MD;0.041
2017-07;ME;0.035
2017-07;MI;0.045
2017-07;MN;0.034
2017-07;MO;0.036
2017-07;MS;0.051
2017-07;MT;0.04
2017-07;NC;0.044
2017-07;ND;0.025
2017-07;NE;0.029
2017-07;NH;0.027
2017-07;NJ;0.046
2017-07;NM;0.061
2017-07;NV;0.05
2017-07;NY;0.047
2017-07;OH;0.051
2017-07;OK;0.042
2017-07;OR;0.041
2017-07;PA;0.048
2017-07;RI;0.044
2017-07;SC;0.042
2017-07;SD;0.034
2017-07;TN;0.035
2017-07;TX;0.041
2017-07;UT;0.033
2017-07;VA;0.037
2017-07;VT;0.03
2017-07;WA;0.048
2017-07;WI;0.033
2017-07;WV;0.051
2017-07;WY;0.04
2017-08;AK;0.072
2017-08;AL;0.04
2017-08;AR;0.037
2017-08;AZ;0.047
2017-08;CA;0.046
2017-08;CO;0.029
2017-08;CT;0.045
2017-08;DE;0.046
2017-08;FL;0.04
2017-08;GA;0.045
2017-08;HI;0.022
2017-08;IA;0.03
2017-08;ID;0.031
2017-08;IL;0.05
2017-08;IN;0.036
2017-08;KS;0.036
2017-08;KY;0.049
2017-08;LA;0.049
2017-08;MA;0.036
2017-08;MD;0.04
2017-08;ME;0.034
2017-08;MI;0.046
2017-08;MN;0.034
2017-08;MO;0.036
2017-08;MS;0.05
2017-08;MT;0.041
2017-08;NC;0.044
2017-08;ND;0.026
2017-08;NE;0.029
2017-08;NH;0.027
2017-08;NJ;0.047
2017-08;NM;0.06
2017-08;NV;0.049
2017-08;NY;0.047
2017-08;OH;0.05
2017-08;OK;0.042
2017-08;OR;0.042
2017-08;PA;0.048
2017-08;RI;0.044
2017-08;SC;0.042
2017-08;SD;0.034
2017-08;TN;0.034
2017-08;TX;0.04
2017-08;UT;0.032
2017-08;VA;0.037
2017-08;VT;0.03
2017-08;WA;0.048
2017-08;WI;0.033
2017-08;WV;0.052
2017-08;WY;0.041
2017-09;AK;0.072
2017-09;AL;0.039
2017-09;AR;0.037
2017-09;AZ;0.047
2017-09;CA;0.045
2017-09;CO;0.03
2017-09;CT;0.045
2017-09;DE;0.045
2017-09;FL;0.039
2017-09;GA;0.045
2017-09;HI;0.022
2017-09;IA;0.03
2017-09;ID;0.03
2017-09;IL;0.05
2017-09;IN;0.035
2017-09;KS;0.036
2017-09;KY;0.047
2017-09;LA;0.048
2017-09;MA;0.036
2017-09;MD;0.04
2017-09;ME;0.033
2017-09;MI;0.047
2017-09;MN;0.033
2017-09;MO;0.036
2017-09;MS;0.049
2017-09;MT;0.041
2017-09;NC;0.044
2017-09;ND;0.026
2017-09;NE;0.029
2017-09;NH;0.026
2017-09;NJ;0.047
2017-09;NM;0.06
2017-09;NV;0.049
2017-09;NY;0.047
2017-09;OH;0.05
2017-09;OK;0.041
2017-09;OR;0.042
2017-09;PA;0.048
2017-09;RI;0.045
2017-09;SC;0.042
2017-09;SD;0.034
2017-09;TN;0.033
2017-09;TX;0.04
2017-09;UT;0.032
2017-09;VA;0.036
2017-09;VT;0.029
2017-09;WA;0.047
2017-09;WI;0.033
2017-09;WV;0.053
2017-09;WY;0.041
2017-10;AK;0.072
2017-10;AL;0.038
2017-10;AR;0.037
2017-10;AZ;0.047
2017-10;CA;0.045
2017-10;CO;0.03
2017-10;CT;0.045
2017-10;DE;0.045
2017-10;FL;0.039
2017-10;GA;0.045
2017-10;HI;0.021
2017-10;IA;0.029
2017-10;ID;0.03
2017-10;IL;0.049
2017-10;IN;0.035
2017-10;KS;0.035
2017-10;KY;0.046
2017-10;LA;0.047
2017-10;MA;0.035
2017-10;MD;0.04
2017-10;ME;0.032
2017-10;MI;0.047
2017-10;MN;0.033
2017-10;MO;0.036
2017-10;MS;0.048
2017-10;MT;0.041
2017-10;NC;0.045
2017-10;ND;0.026
2017-10;NE;0.029
2017-10;NH;0.026
2017-10;NJ;0.047
2017-10;NM;0.06
2017-10;NV;0.049
2017-10;NY;0.047
2017-10;OH;0.049
2017-10;OK;0.041
2017-10;OR;0.042
2017-10;PA;0.048
2017-10;RI;0.045
2017-10;SC;0.042
2017-10;SD;0.034
2017-10;TN;0.033
2017-10;TX;0.039
2017-10;UT;0.032
2017-10;VA;0.036
2017-10;VT;0.029
2017-10;WA;0.047
2017-10;WI;0.032
2017-10;WV;0.054
2017-10;WY;0.042
2017-11;AK;0.072
2017-11;AL;0.038
2017-11;AR;0.037
2017-11;AZ;0.047
2017-11;CA;0.045
2017-11;CO;0.03
2017-11;CT;0.045
2017-11;DE;0.045
2017-11;FL;0.039
2017-11;GA;0.045
2017-11;HI;0.021
2017-11;IA;0.029
2017-11;ID;0.03
2017-11;IL;0.049
2017-11;IN;0.034
2017-11;KS;0.035
2017-11;KY;0.045
2017-11;LA;0.047
2017-11;MA;0.035
2017-11;MD;0.041
2017-11;ME;0.031
2017-11;MI;0.047
2017-11;MN;0.033
2017-11;MO;0.036
2017-11;MS;0.048
2017-11;MT;0.041
2017-11;NC;0.045
2017-11;ND;0.026
2017-11;NE;0.029
2017-11;NH;0.026
2017-11;NJ;0.047
2017-11;NM;0.06
2017-11;NV;0.049
2017-11;NY;0.047
2017-11;OH;0.049
2017-11;OK;0.041
2017-11;OR;0.042
2017-11;PA;0.048
2017-11;RI;0.045
2017-11;SC;0.042
2017-11;SD;0.034
2017-11;TN;0.033
2017-11;TX;0.039
2017-11;UT;0.032
2017-11;VA;0.036
2017-11;VT;0.029
2017-11;WA;0.047
2017-11;WI;0.032
2017-11;WV;0.054
2017-11;WY;0.042
2017-12;AK;0.072
2017-12;AL;0.038
2017-12;AR;0.037
2017-12;AZ;0.047
2017-12;CA;0.045
2017-12;CO;0.03
2017-12;CT;0.045
2017-12;DE;0.045
2017-12;FL;0.039
2017-12;GA;0.045
2017-12;HI;0.021
2017-12;IA;0.029
2017-12;ID;0.03
2017-12;IL;0.049
2017-12;IN;0.034
2017-12;KS;0.035
2017-12;KY;0.045
2017-12;LA;0.047
2017-12;MA;0.035
2017-12;MD;0.041
2017-12;ME;0.031
2017-12;MI;0.047
2017-12;MN;0.033
2017-12;MO;0.037
2017-12;MS;0.048
2017-12;MT;0.041
2017-12;NC;0.045
2017-12;ND;0.026
2017-12;NE;0.029
2017-12;NH;0.026
2017-12;NJ;0.047
2017-12;NM;0.06
2017-12;NV;0.049
2017-12;NY;0.047
2017-12;OH;0.049
2017-12;OK;0.041
2017-12;OR;0.041
2017-12;PA;0.048
2017-12;RI;0.045
2017-12;SC;0.042
2017-12;SD;0.034
2017-12;TN;0.033
2017-12;TX;0.04
2017-12;UT;0.032
2017-12;VA;0.036
2017-12;VT;0.029
2017-12;WA;0.047
2017-12;WI;0.032
2017-12;WV;0.054
2017-12;WY;0.041
2018-01;AK;0.073
2018-01;AL;0.037
2018-01;AR;0.037
2018-01;AZ;0.048
2018-01;CA;0.044
2018-01;CO;0.03
2018-01;CT;0.045
2018-01;DE;0.045
2018-01;FL;0.039
2018-01;GA;0.045
2018-01;HI;0.021
2018-01;IA;0.029
2018-01;ID;0.03
2018-01;IL;0.048
2018-01;IN;0.033
2018-01;KS;0.035
2018-01;KY;0.043
2018-01;LA;0.046
2018-01;MA;0.035
2018-01;MD;0.041
2018-01;ME;0.03
2018-01;MI;0.047
2018-01;MN;0.033
2018-01;MO;0.037
2018-01;MS;0.046
2018-01;MT;0.041
2018-01;NC;0.045
2018-01;ND;0.026
2018-01;NE;0.029
2018-01;NH;0.026
2018-01;NJ;0.047
2018-01;NM;0.059
2018-01;NV;0.049
2018-01;NY;0.047
2018-01;OH;0.047
2018-01;OK;0.041
2018-01;OR;0.041
2018-01;PA;0.048
2018-01;RI;0.045
2018-01;SC;0.043
2018-01;SD;0.034
2018-01;TN;0.033
2018-01;TX;0.04
2018-01;UT;0.031
2018-01;VA;0.036
2018-01;VT;0.029
2018-01;WA;0.047
2018-01;WI;0.031
2018-01;WV;0.054
2018-01;WY;0.041
2018-02;AK;0.073
2018-02;AL;0.037
2018-02;AR;0.038
2018-02;AZ;0.049
2018-02;CA;0.043
2018-02;CO;0.03
2018-02;CT;0.046
2018-02;DE;0.044
2018-02;FL;0.039
2018-02;GA;0.044
2018-02;HI;0.021
2018-02;IA;0.029
2018-02;ID;0.03
2018-02;IL;0.047
2018-02;IN;0.032
2018-02;KS;0.034
2018-02;KY;0.041
2018-02;LA;0.045
2018-02;MA;0.035
2018-02;MD;0.042
2018-02;ME;0.029
2018-02;MI;0.048
2018-02;MN;0.032
2018-02;MO;0.037
2018-02;MS;0.045
2018-02;MT;0.041
2018-02;NC;0.045
2018-02;ND;0.026
2018-02;NE;0.028
2018-02;NH;0.026
2018-02;NJ;0.046
2018-02;NM;0.058
2018-02;NV;0.049
2018-02;NY;0.046
2018-02;OH;0.045
2018-02;OK;0.041
2018-02;OR;0.041
2018-02;PA;0.048
2018-02;RI;0.046
2018-02;SC;0.044
2018-02;SD;0.034
2018-02;TN;0.034
2018-02;TX;0.04
2018-02;UT;0.031
2018-02;VA;0.035
2018-02;VT;0.028
2018-02;WA;0.047
2018-02;WI;0.029
2018-02;WV;0.054
2018-02;WY;0.04
2018-03;AK;0.073
2018-03;AL;0.038
2018-03;AR;0.038
2018-03;AZ;0.049
2018-03;CA;0.043
2018-03;CO;0.03
2018-03;CT;0.045
2018-03;DE;0.043
2018-03;FL;0.039
2018-03;GA;0.044
2018-03;HI;0.021
2018-03;IA;0.028
2018-03;ID;0.029
2018-03;IL;0.046
2018-03;IN;0.032
2018-03;KS;0.034
2018-03;KY;0.04
2018-03;LA;0.044
2018-03;MA;0.035
2018-03;MD;0.043
2018-03;ME;0.027
2018-03;MI;0.047
2018-03;MN;0.032
2018-03;MO;0.036
2018-03;MS;0.045
2018-03;MT;0.041
2018-03;NC;0.045
2018-03;ND;0.026
2018-03;NE;0.028
2018-03;NH;0.026
2018-03;NJ;0.046
2018-03;NM;0.056
2018-03;NV;0.049
2018-03;NY;0.046
2018-03;OH;0.044
2018-03;OK;0.04
2018-03;OR;0.041
2018-03;PA;0.048
2018-03;RI;0.045
2018-03;SC;0.044
2018-03;SD;0.034
2018-03;TN;0.034
2018-03;TX;0.04
2018-03;UT;0.031
2018-03;VA;0.034
2018-03;VT;0.028
2018-03;WA;0.047
2018-03;WI;0.029
2018-03;WV;0.054
2018-03;WY;0.039
2018-04;AK;0.073
2018-04;AL;0.038
2018-04;AR;0.038
2018-04;AZ;0.049
2018-04;CA;0.043
2018-04;CO;0.03
2018-04;CT;0.045
2018-04;DE;0.043
2018-04;FL;0.039
2018-04;GA;0.044
2018-04;HI;0.021
2018-04;IA;0.028
2018-04;ID;0.029
2018-04;IL;0.046
2018-04;IN;0.032
2018-04;KS;0.034
2018-04;KY;0.04
2018-04;LA;0.044
2018-04;MA;0.035
2018-04;MD;0.043
2018-04;ME;0.027
2018-04;MI;0.047
2018-04;MN;0.032
2018-04;MO;0.036
2018-04;MS;0.045
2018-04;MT;0.041
2018-04;NC;0.045
2018-04;ND;0.026
2018-04;NE;0.028
2018-04;NH;0.026
2018-04;NJ;0.046
2018-04;NM;0.056
2018-04;NV;0.049
2018-04;NY;0.046
2018-04;OH;0.044
2018-04;OK;0.04
2018-04;OR;0.041
2018-04;PA;0.048
2018-04;RI;0.045
2018-04;SC;0.044
2018-04;SD;0.034
2018-04;TN;0.034
2018-04;TX;0.04
2018-04;UT;0.031
2018-04;VA;0.034
2018-04;VT;0.028
2018-04;WA;0.047
2018-04;WI;0.029
2018-04;WV;0.054
2018-04;WY;0.039
2018-05;AK;0.072
2018-05;AL;0.039
2018-05;AR;0.038
2018-05;AZ;0.047
2018-05;CA;0.042
2018-05;CO;0.028
2018-05;CT;0.045
2018-05;DE;0.04
2018-05;FL;0.038
2018-05;GA;0.042
2018-05;HI;0.02
2018-05;IA;0.027
2018-05;ID;0.029
2018-05;IL;0.043
2018-05;IN;0.032
2018-05;KS;0.034
2018-05;KY;0.041
2018-05;LA;0.046
2018-05;MA;0.035
2018-05;MD;0.043
2018-05;ME;0.028
2018-05;MI;0.046
2018-05;MN;0.031
2018-05;MO;0.036
2018-05;MS;0.047
2018-05;MT;0.039
2018-05;NC;0.043
2018-05;ND;0.026
2018-05;NE;0.028
2018-05;NH;0.027
2018-05;NJ;0.044
2018-05;NM;0.051
2018-05;NV;0.048
2018-05;NY;0.045
2018-05;OH;0.043
2018-05;OK;0.04
2018-05;OR;0.041
2018-05;PA;0.045
2018-05;RI;0.044
2018-05;SC;0.04
2018-05;SD;0.033
2018-05;TN;0.035
2018-05;TX;0.041
2018-05;UT;0.03
2018-05;VA;0.032
2018-05;VT;0.028
2018-05;WA;0.047
2018-05;WI;0.028
2018-05;WV;0.054
2018-05;WY;0.037
2018-06;AK;0.071
2018-06;AL;0.041
2018-06;AR;0.038
2018-06;AZ;0.047
2018-06;CA;0.042
2018-06;CO;0.027
2018-06;CT;0.044
2018-06;DE;0.039
2018-06;FL;0.038
2018-06;GA;0.041
2018-06;HI;0.021
2018-06;IA;0.027
2018-06;ID;0.029
2018-06;IL;0.043
2018-06;IN;0.033
2018-06;KS;0.034
2018-06;KY;0.042
2018-06;LA;0.047
2018-06;MA;0.035
2018-06;MD;0.043
2018-06;ME;0.029
2018-06;MI;0.044
2018-06;MN;0.031
2018-06;MO;0.035
2018-06;MS;0.047
2018-06;MT;0.038
2018-06;NC;0.042
2018-06;ND;0.026
2018-06;NE;0.029
2018-06;NH;0.027
2018-06;NJ;0.043
2018-06;NM;0.049
2018-06;NV;0.047
2018-06;NY;0.045
2018-06;OH;0.045
2018-06;OK;0.039
2018-06;OR;0.04
2018-06;PA;0.043
2018-06;RI;0.043
2018-06;SC;0.038
2018-06;SD;0.032
2018-06;TN;0.035
2018-06;TX;0.04
2018-06;UT;0.03
2018-06;VA;0.032
2018-06;VT;0.028
2018-06;WA;0.047
2018-06;WI;0.029
2018-06;WV;0.053
2018-06;WY;0.037
2018-07;AK;0.069
2018-07;AL;0.041
2018-07;AR;0.037
2018-07;AZ;0.046
2018-07;CA;0.042
2018-07;CO;0.028
2018-07;CT;0.044
2018-07;DE;0.039
2018-07;FL;0.037
2018-07;GA;0.039
2018-07;HI;0.021
2018-07;IA;0.026
2018-07;ID;0.029
2018-07;IL;0.042
2018-07;IN;0.034
2018-07;KS;0.034
2018-07;KY;0.043
2018-07;LA;0.049
2018-07;MA;0.036
2018-07;MD;0.043
2018-07;ME;0.03
2018-07;MI;0.043
2018-07;MN;0.03
2018-07;MO;0.034
2018-07;MS;0.048
2018-07;MT;0.037
2018-07;NC;0.041
2018-07;ND;0.026
2018-07;NE;0.029
2018-07;NH;0.027
2018-07;NJ;0.042
2018-07;NM;0.047
2018-07;NV;0.046
2018-07;NY;0.043
2018-07;OH;0.046
2018-07;OK;0.038
2018-07;OR;0.039
2018-07;PA;0.042
2018-07;RI;0.041
2018-07;SC;0.036
2018-07;SD;0.031
2018-07;TN;0.035
2018-07;TX;0.04
2018-07;UT;0.031
2018-07;VA;0.031
2018-07;VT;0.028
2018-07;WA;0.046
2018-07;WI;0.029
2018-07;WV;0.054
2018-07;WY;0.038
2018-08;AK;0.067
2018-08;AL;0.041
2018-08;AR;0.036
2018-08;AZ;0.046
2018-08;CA;0.042
2018-08;CO;0.029
2018-08;CT;0.043
2018-08;DE;0.039
2018-08;FL;0.037
2018-08;GA;0.038
2018-08;HI;0.021
2018-08;IA;0.025
2018-08;ID;0.028
2018-08;IL;0.041
2018-08;IN;0.035
2018-08;KS;0.033
2018-08;KY;0.044
2018-08;LA;0.05
2018-08;MA;0.036
2018-08;MD;0.042
2018-08;ME;0.032
2018-08;MI;0.041
2018-08;MN;0.029
2018-08;MO;0.033
2018-08;MS;0.048
2018-08;MT;0.037
2018-08;NC;0.039
2018-08;ND;0.026
2018-08;NE;0.028
2018-08;NH;0.027
2018-08;NJ;0.042
2018-08;NM;0.046
2018-08;NV;0.045
2018-08;NY;0.042
2018-08;OH;0.046
2018-08;OK;0.037
2018-08;OR;0.038
2018-08;PA;0.041
2018-08;RI;0.04
2018-08;SC;0.034
2018-08;SD;0.03
2018-08;TN;0.036
2018-08;TX;0.039
2018-08;UT;0.031
2018-08;VA;0.03
2018-08;VT;0.028
2018-08;WA;0.045
2018-08;WI;0.03
2018-08;WV;0.053
2018-08;WY;0.039
2018-09;AK;0.065
2018-09;AL;0.041
2018-09;AR;0.035
2018-09;AZ;0.046
2018-09;CA;0.041
2018-09;CO;0.031
2018-09;CT;0.042
2018-09;DE;0.04
2018-09;FL;0.035
2018-09;GA;0.037
2018-09;HI;0.022
2018-09;IA;0.025
2018-09;ID;0.027
2018-09;IL;0.041
2018-09;IN;0.035
2018-09;KS;0.033
2018-09;KY;0.045
2018-09;LA;0.05
2018-09;MA;0.036
2018-09;MD;0.042
2018-09;ME;0.033
2018-09;MI;0.04
2018-09;MN;0.028
2018-09;MO;0.032
2018-09;MS;0.048
2018-09;MT;0.036
2018-09;NC;0.038
2018-09;ND;0.027
2018-09;NE;0.028
2018-09;NH;0.027
2018-09;NJ;0.042
2018-09;NM;0.046
2018-09;NV;0.045
2018-09;NY;0.041
2018-09;OH;0.046
2018-09;OK;0.035
2018-09;OR;0.038
2018-09;PA;0.041
2018-09;RI;0.039
2018-09;SC;0.033
2018-09;SD;0.03
2018-09;TN;0.036
2018-09;TX;0.038
2018-09;UT;0.032
2018-09;VA;0.029
2018-09;VT;0.029
2018-09;WA;0.044
2018-09;WI;0.03
2018-09;WV;0.052
2018-09;WY;0.041
2018-10;AK;0.064
2018-10;AL;0.041
2018-10;AR;0.035
2018-10;AZ;0.046
2018-10;CA;0.041
2018-10;CO;0.032
2018-10;CT;0.042
2018-10;DE;0.039
2018-10;FL;0.034
2018-10;GA;0.036
2018-10;HI;0.023
2018-10;IA;0.024
2018-10;ID;0.027
2018-10;IL;0.042
2018-10;IN;0.035
2018-10;KS;0.033
2018-10;KY;0.045
2018-10;LA;0.05
2018-10;MA;0.035
2018-10;MD;0.041
2018-10;ME;0.034
2018-10;MI;0.039
2018-10;MN;0.028
2018-10;MO;0.031
2018-10;MS;0.047
2018-10;MT;0.037
2018-10;NC;0.036
2018-10;ND;0.028
2018-10;NE;0.028
2018-10;NH;0.026
2018-10;NJ;0.041
2018-10;NM;0.046
2018-10;NV;0.044
2018-10;NY;0.04
2018-10;OH;0.046
2018-10;OK;0.034
2018-10;OR;0.038
2018-10;PA;0.041
2018-10;RI;0.038
2018-10;SC;0.033
2018-10;SD;0.03
2018-10;TN;0.037
2018-10;TX;0.037
2018-10;UT;0.032
2018-10;VA;0.029
2018-10;VT;0.028
2018-10;WA;0.043
2018-10;WI;0.03
2018-10;WV;0.052
2018-10;WY;0.041
2018-11;AK;0.063
2018-11;AL;0.04
2018-11;AR;0.036
2018-11;AZ;0.047
2018-11;CA;0.041
2018-11;CO;0.033
2018-11;CT;0.041
2018-11;DE;0.038
2018-11;FL;0.033
2018-11;GA;0.035
2018-11;HI;0.024
2018-11;IA;0.024
2018-11;ID;0.026
2018-11;IL;0.042
2018-11;IN;0.036
2018-11;KS;0.032
2018-11;KY;0.045
2018-11;LA;0.05
2018-11;MA;0.034
2018-11;MD;0.04
2018-11;ME;0.034
2018-11;MI;0.039
2018-11;MN;0.028
2018-11;MO;0.03
2018-11;MS;0.047
2018-11;MT;0.037
2018-11;NC;0.036
2018-11;ND;0.028
2018-11;NE;0.028
2018-11;NH;0.025
2018-11;NJ;0.04
2018-11;NM;0.046
2018-11;NV;0.044
2018-11;NY;0.039
2018-11;OH;0.046
2018-11;OK;0.033
2018-11;OR;0.039
2018-11;PA;0.042
2018-11;RI;0.038
2018-11;SC;0.033
2018-11;SD;0.03
2018-11;TN;0.036
2018-11;TX;0.037
2018-11;UT;0.032
2018-11;VA;0.028
2018-11;VT;0.027
2018-11;WA;0.043
2018-11;WI;0.03
2018-11;WV;0.052
2018-11;WY;0.041
2018-12;AK;0.063
2018-12;AL;0.04
2018-12;AR;0.036
2018-12;AZ;0.047
2018-12;CA;0.041
2018-12;CO;0.033
2018-12;CT;0.041
2018-12;DE;0.038
2018-12;FL;0.033
2018-12;GA;0.035
2018-12;HI;0.024
2018-12;IA;0.024
2018-12;ID;0.026
2018-12;IL;0.042
2018-12;IN;0.036
2018-12;KS;0.032
2018-12;KY;0.045
2018-12;LA;0.05
2018-12;MA;0.034
2018-12;MD;0.04
2018-12;ME;0.034
2018-12;MI;0.039
2018-12;MN;0.028
2018-12;MO;0.03
2018-12;MS;0.047
2018-12;MT;0.037
2018-12;NC;0.036
2018-12;ND;0.028
2018-12;NE;0.028
2018-12;NH;0.025
2018-12;NJ;0.04
2018-12;NM;0.046
2018-12;NV;0.044
2018-12;NY;0.039
2018-12;OH;0.046
2018-12;OK;0.033
2018-12;OR;0.039
2018-12;PA;0.042
2018-12;RI;0.038
2018-12;SC;0.033
2018-12;SD;0.03
2018-12;TN;0.036
2018-12;TX;0.037
2018-12;UT;0.032
2018-12;VA;0.028
2018-12;VT;0.027
2018-12;WA;0.043
2018-12;WI;0.03
2018-12;WV;0.052
2018-12;WY;0.041
2019-01;AK;0.065
2019-01;AL;0.038
2019-01;AR;0.037
2019-01;AZ;0.051
2019-01;CA;0.042
2019-01;CO;0.037
2019-01;CT;0.038
2019-01;DE;0.035
2019-01;FL;0.034
2019-01;GA;0.038
2019-01;HI;0.027
2019-01;IA;0.024
2019-01;ID;0.028
2019-01;IL;0.043
2019-01;IN;0.035
2019-01;KS;0.034
2019-01;KY;0.042
2019-01;LA;0.049
2019-01;MA;0.031
2019-01;MD;0.037
2019-01;ME;0.035
2019-01;MI;0.04
2019-01;MN;0.03
2019-01;MO;0.032
2019-01;MS;0.047
2019-01;MT;0.038
2019-01;NC;0.038
2019-01;ND;0.025
2019-01;NE;0.028
2019-01;NH;0.024
2019-01;NJ;0.04
2019-01;NM;0.051
2019-01;NV;0.044
2019-01;NY;0.039
2019-01;OH;0.047
2019-01;OK;0.032
2019-01;OR;0.043
2019-01;PA;0.041
2019-01;RI;0.04
2019-01;SC;0.032
2019-01;SD;0.029
2019-01;TN;0.033
2019-01;TX;0.038
2019-01;UT;0.031
2019-01;VA;0.028
2019-01;VT;0.025
2019-01;WA;0.045
2019-01;WI;0.03
2019-01;WV;0.052
2019-01;WY;0.04
2019-02;AK;0.065
2019-02;AL;0.037
2019-02;AR;0.038
2019-02;AZ;0.051
2019-02;CA;0.042
2019-02;CO;0.037
2019-02;CT;0.038
2019-02;DE;0.034
2019-02;FL;0.035
2019-02;GA;0.039
2019-02;HI;0.027
2019-02;IA;0.024
2019-02;ID;0.029
2019-02;IL;0.043
2019-02;IN;0.035
2019-02;KS;0.034
2019-02;KY;0.041
2019-02;LA;0.049
2019-02;MA;0.03
2019-02;MD;0.037
2019-02;ME;0.035
2019-02;MI;0.04
2019-02;MN;0.031
2019-02;MO;0.032
2019-02;MS;0.048
2019-02;MT;0.038
2019-02;NC;0.039
2019-02;ND;0.024
2019-02;NE;0.028
2019-02;NH;0.024
2019-02;NJ;0.04
2019-02;NM;0.051
2019-02;NV;0.043
2019-02;NY;0.039
2019-02;OH;0.046
2019-02;OK;0.033
2019-02;OR;0.044
2019-02;PA;0.04
2019-02;RI;0.039
2019-02;SC;0.032
2019-02;SD;0.029
2019-02;TN;0.032
2019-02;TX;0.038
2019-02;UT;0.03
2019-02;VA;0.029
2019-02;VT;0.024
2019-02;WA;0.045
2019-02;WI;0.029
2019-02;WV;0.052
2019-02;WY;0.039
2019-03;AK;0.065
2019-03;AL;0.037
2019-03;AR;0.037
2019-03;AZ;0.05
2019-03;CA;0.043
2019-03;CO;0.035
2019-03;CT;0.039
2019-03;DE;0.033
2019-03;FL;0.035
2019-03;GA;0.039
2019-03;HI;0.028
2019-03;IA;0.024
2019-03;ID;0.029
2019-03;IL;0.044
2019-03;IN;0.036
2019-03;KS;0.035
2019-03;KY;0.04
2019-03;LA;0.047
2019-03;MA;0.03
2019-03;MD;0.038
2019-03;ME;0.034
2019-03;MI;0.04
2019-03;MN;0.032
2019-03;MO;0.033
2019-03;MS;0.049
2019-03;MT;0.037
2019-03;NC;0.04
2019-03;ND;0.023
2019-03;NE;0.028
2019-03;NH;0.024
2019-03;NJ;0.041
2019-03;NM;0.051
2019-03;NV;0.042
2019-03;NY;0.039
2019-03;OH;0.044
2019-03;OK;0.033
2019-03;OR;0.044
2019-03;PA;0.039
2019-03;RI;0.038
2019-03;SC;0.032
2019-03;SD;0.028
2019-03;TN;0.032
2019-03;TX;0.038
2019-03;UT;0.03
2019-03;VA;0.029
2019-03;VT;0.023
2019-03;WA;0.046
2019-03;WI;0.029
2019-03;WV;0.051
2019-03;WY;0.037
2019-04;AK;0.065
2019-04;AL;0.038
2019-04;AR;0.036
2019-04;AZ;0.049
2019-04;CA;0.043
2019-04;CO;0.033
2019-04;CT;0.038
2019-04;DE;0.032
2019-04;FL;0.035
2019-04;GA;0.038
2019-04;HI;0.028
2019-04;IA;0.024
2019-04;ID;0.028
2019-04;IL;0.044
2019-04;IN;0.036
2019-04;KS;0.035
2019-04;KY;0.04
2019-04;LA;0.045
2019-04;MA;0.029
2019-04;MD;0.038
2019-04;ME;0.033
2019-04;MI;0.041
2019-04;MN;0.033
2019-04;MO;0.033
2019-04;MS;0.049
2019-04;MT;0.037
2019-04;NC;0.04
2019-04;ND;0.023
2019-04;NE;0.029
2019-04;NH;0.024
2019-04;NJ;0.039
2019-04;NM;0.05
2019-04;NV;0.04
2019-04;NY;0.039
2019-04;OH;0.042
2019-04;OK;0.033
2019-04;OR;0.043
2019-04;PA;0.038
2019-04;RI;0.037
2019-04;SC;0.034
2019-04;SD;0.028
2019-04;TN;0.032
2019-04;TX;0.037
2019-04;UT;0.029
2019-04;VA;0.029
2019-04;VT;0.022
2019-04;WA;0.047
2019-04;WI;0.028
2019-04;WV;0.049
2019-04;WY;0.036
2019-05;AK;0.064
2019-05;AL;0.037
2019-05;AR;0.036
2019-05;AZ;0.049
2019-05;CA;0.042
2019-05;CO;0.032
2019-05;CT;0.038
2019-05;DE;0.032
2019-05;FL;0.034
2019-05;GA;0.038
2019-05;HI;0.028
2019-05;IA;0.024
2019-05;ID;0.028
2019-05;IL;0.044
2019-05;IN;0.036
2019-05;KS;0.035
2019-05;KY;0.04
2019-05;LA;0.044
2019-05;MA;0.03
2019-05;MD;0.038
2019-05;ME;0.033
2019-05;MI;0.042
2019-05;MN;0.033
2019-05;MO;0.033
2019-05;MS;0.05
2019-05;MT;0.036
2019-05;NC;0.041
2019-05;ND;0.023
2019-05;NE;0.03
2019-05;NH;0.024
2019-05;NJ;0.038
2019-05;NM;0.05
2019-05;NV;0.04
2019-05;NY;0.04
2019-05;OH;0.041
2019-05;OK;0.032
2019-05;OR;0.042
2019-05;PA;0.038
2019-05;RI;0.036
2019-05;SC;0.035
2019-05;SD;0.029
2019-05;TN;0.033
2019-05;TX;0.035
2019-05;UT;0.029
2019-05;VA;0.03
2019-05;VT;0.021
2019-05;WA;0.046
2019-05;WI;0.028
2019-05;WV;0.048
2019-05;WY;0.035
2019-06;AK;0.064
2019-06;AL;0.035
2019-06;AR;0.035
2019-06;AZ;0.049
2019-06;CA;0.042
2019-06;CO;0.03
2019-06;CT;0.037
2019-06;DE;0.032
2019-06;FL;0.034
2019-06;GA;0.037
2019-06;HI;0.028
2019-06;IA;0.024
2019-06;ID;0.028
2019-06;IL;0.043
2019-06;IN;0.035
2019-06;KS;0.034
2019-06;KY;0.041
2019-06;LA;0.043
2019-06;MA;0.03
2019-06;MD;0.038
2019-06;ME;0.032
2019-06;MI;0.042
2019-06;MN;0.033
2019-06;MO;0.033
2019-06;MS;0.05
2019-06;MT;0.035
2019-06;NC;0.042
2019-06;ND;0.023
2019-06;NE;0.03
2019-06;NH;0.025
2019-06;NJ;0.035
2019-06;NM;0.049
2019-06;NV;0.04
2019-06;NY;0.04
2019-06;OH;0.04
2019-06;OK;0.032
2019-06;OR;0.04
2019-06;PA;0.038
2019-06;RI;0.036
2019-06;SC;0.035
2019-06;SD;0.029
2019-06;TN;0.034
2019-06;TX;0.034
2019-06;UT;0.028
2019-06;VA;0.029
2019-06;VT;0.021
2019-06;WA;0.046
2019-06;WI;0.029
2019-06;WV;0.047
2019-06;WY;0.035
2019-07;AK;0.063
2019-07;AL;0.033
2019-07;AR;0.034
2019-07;AZ;0.049
2019-07;CA;0.041
2019-07;CO;0.029
2019-07;CT;0.036
2019-07;DE;0.033
2019-07;FL;0.033
2019-07;GA;0.036
2019-07;HI;0.028
2019-07;IA;0.025
2019-07;ID;0.029
2019-07;IL;0.042
2019-07;IN;0.034
2019-07;KS;0.033
2019-07;KY;0.043
2019-07;LA;0.043
2019-07;MA;0.029
2019-07;MD;0.038
2019-07;ME;0.03
2019-07;MI;0.043
2019-07;MN;0.034
2019-07;MO;0.033
2019-07;MS;0.051
2019-07;MT;0.034
2019-07;NC;0.042
2019-07;ND;0.024
2019-07;NE;0.031
2019-07;NH;0.025
2019-07;NJ;0.033
2019-07;NM;0.049
2019-07;NV;0.041
2019-07;NY;0.04
2019-07;OH;0.04
2019-07;OK;0.032
2019-07;OR;0.04
2019-07;PA;0.039
2019-07;RI;0.035
2019-07;SC;0.034
2019-07;SD;0.029
2019-07;TN;0.035
2019-07;TX;0.034
2019-07;UT;0.028
2019-07;VA;0.029
2019-07;VT;0.021
2019-07;WA;0.046
2019-07;WI;0.03
2019-07;WV;0.047
2019-07;WY;0.036
2019-08;AK;0.062
2019-08;AL;0.031
2019-08;AR;0.034
2019-08;AZ;0.05
2019-08;CA;0.041
2019-08;CO;0.028
2019-08;CT;0.036
2019-08;DE;0.034
2019-08;FL;0.033
2019-08;GA;0.036
2019-08;HI;0.027
2019-08;IA;0.025
2019-08;ID;0.029
2019-08;IL;0.04
2019-08;IN;0.033
2019-08;KS;0.032
2019-08;KY;0.044
2019-08;LA;0.043
2019-08;MA;0.029
2019-08;MD;0.038
2019-08;ME;0.029
2019-08;MI;0.042
2019-08;MN;0.033
2019-08;MO;0.032
2019-08;MS;0.052
2019-08;MT;0.033
2019-08;NC;0.042
2019-08;ND;0.024
2019-08;NE;0.031
2019-08;NH;0.025
2019-08;NJ;0.032
2019-08;NM;0.049
2019-08;NV;0.041
2019-08;NY;0.04
2019-08;OH;0.041
2019-08;OK;0.032
2019-08;OR;0.04
2019-08;PA;0.039
2019-08;RI;0.036
2019-08;SC;0.032
2019-08;SD;0.029
2019-08;TN;0.035
2019-08;TX;0.034
2019-08;UT;0.028
2019-08;VA;0.028
2019-08;VT;0.021
2019-08;WA;0.046
2019-08;WI;0.031
2019-08;WV;0.046
2019-08;WY;0.037
2019-09;AK;0.062
2019-09;AL;0.03
2019-09;AR;0.035
2019-09;AZ;0.049
2019-09;CA;0.04
2019-09;CO;0.027
2019-09;CT;0.036
2019-09;DE;0.035
2019-09;FL;0.032
2019-09;GA;0.035
2019-09;HI;0.027
2019-09;IA;0.025
2019-09;ID;0.029
2019-09;IL;0.039
2019-09;IN;0.032
2019-09;KS;0.032
2019-09;KY;0.044
2019-09;LA;0.043
2019-09;MA;0.029
2019-09;MD;0.037
2019-09;ME;0.029
2019-09;MI;0.042
2019-09;MN;0.032
2019-09;MO;0.031
2019-09;MS;0.054
2019-09;MT;0.033
2019-09;NC;0.041
2019-09;ND;0.025
2019-09;NE;0.031
2019-09;NH;0.025
2019-09;NJ;0.031
2019-09;NM;0.049
2019-09;NV;0.041
2019-09;NY;0.039
2019-09;OH;0.042
2019-09;OK;0.032
2019-09;OR;0.041
2019-09;PA;0.04
2019-09;RI;0.036
2019-09;SC;0.029
2019-09;SD;0.03
2019-09;TN;0.034
2019-09;TX;0.034
2019-09;UT;0.027
2019-09;VA;0.027
2019-09;VT;0.022
2019-09;WA;0.046
2019-09;WI;0.032
2019-09;WV;0.047
2019-09;WY;0.038
2019-10;AK;0.062
2019-10;AL;0.028
2019-10;AR;0.035
2019-10;AZ;0.048
2019-10;CA;0.039
2019-10;CO;0.026
2019-10;CT;0.036
2019-10;DE;0.037
2019-10;FL;0.032
2019-10;GA;0.034
2019-10;HI;0.027
2019-10;IA;0.026
2019-10;ID;0.029
2019-10;IL;0.039
2019-10;IN;0.032
2019-10;KS;0.031
2019-10;KY;0.043
2019-10;LA;0.045
2019-10;MA;0.029
2019-10;MD;0.036
2019-10;ME;0.028
2019-10;MI;0.041
2019-10;MN;0.032
2019-10;MO;0.031
2019-10;MS;0.055
2019-10;MT;0.034
2019-10;NC;0.04
2019-10;ND;0.025
2019-10;NE;0.031
2019-10;NH;0.026
2019-10;NJ;0.032
2019-10;NM;0.048
2019-10;NV;0.041
2019-10;NY;0.04
2019-10;OH;0.042
2019-10;OK;0.033
2019-10;OR;0.04
2019-10;PA;0.042
2019-10;RI;0.036
2019-10;SC;0.026
2019-10;SD;0.03
2019-10;TN;0.034
2019-10;TX;0.034
2019-10;UT;0.025
2019-10;VA;0.026
2019-10;VT;0.022
2019-10;WA;0.045
2019-10;WI;0.033
2019-10;WV;0.048
2019-10;WY;0.038
2019-11;AK;0.061
2019-11;AL;0.027
2019-11;AR;0.036
2019-11;AZ;0.047
2019-11;CA;0.039
2019-11;CO;0.026
2019-11;CT;0.037
2019-11;DE;0.038
2019-11;FL;0.031
2019-11;GA;0.033
2019-11;HI;0.026
2019-11;IA;0.026
2019-11;ID;0.029
2019-11;IL;0.038
2019-11;IN;0.032
2019-11;KS;0.031
2019-11;KY;0.044
2019-11;LA;0.047
2019-11;MA;0.029
2019-11;MD;0.036
2019-11;ME;0.028
2019-11;MI;0.04
2019-11;MN;0.033
2019-11;MO;0.031
2019-11;MS;0.056
2019-11;MT;0.034
2019-11;NC;0.038
2019-11;ND;0.025
2019-11;NE;0.031
2019-11;NH;0.026
2019-11;NJ;0.034
2019-11;NM;0.048
2019-11;NV;0.04
2019-11;NY;0.04
2019-11;OH;0.042
2019-11;OK;0.034
2019-11;OR;0.039
2019-11;PA;0.043
2019-11;RI;0.035
2019-11;SC;0.024
2019-11;SD;0.031
2019-11;TN;0.033
2019-11;TX;0.034
2019-11;UT;0.024
2019-11;VA;0.026
2019-11;VT;0.023
2019-11;WA;0.044
2019-11;WI;0.033
2019-11;WV;0.049
2019-11;WY;0.037
2019-12;AK;0.061
2019-12;AL;0.027
2019-12;AR;0.035
2019-12;AZ;0.045
2019-12;CA;0.039
2019-12;CO;0.025
2019-12;CT;0.038
2019-12;DE;0.04
2019-12;FL;0.029
2019-12;GA;0.031
2019-12;HI;0.027
2019-12;IA;0.028
2019-12;ID;0.029
2019-12;IL;0.037
2019-12;IN;0.032
2019-12;KS;0.031
2019-12;KY;0.043
2019-12;LA;0.052
2019-12;MA;0.028
2019-12;MD;0.034
2019-12;ME;0.03
2019-12;MI;0.039
2019-12;MN;0.033
2019-12;MO;0.034
2019-12;MS;0.056
2019-12;MT;0.035
2019-12;NC;0.036
2019-12;ND;0.024
2019-12;NE;0.03
2019-12;NH;0.026
2019-12;NJ;0.037
2019-12;NM;0.048
2019-12;NV;0.037
2019-12;NY;0.039
2019-12;OH;0.041
2019-12;OK;0.034
2019-12;OR;0.034
2019-12;PA;0.046
2019-12;RI;0.035
2019-12;SC;0.024
2019-12;SD;0.034
2019-12;TN;0.033
2019-12;TX;0.035
2019-12;UT;0.024
2019-12;VA;0.027
2019-12;VT;0.024
2019-12;WA;0.04
2019-12;WI;0.035
2019-12;WV;0.051
2019-12;WY;0.037
2020-01;AK;0.06
2020-01;AL;0.027
2020-01;AR;0.035
2020-01;AZ;0.045
2020-01;CA;0.039
2020-01;CO;0.025
2020-01;CT;0.037
2020-01;DE;0.04
2020-01;FL;0.028
2020-01;GA;0.031
2020-01;HI;0.027
2020-01;IA;0.028
2020-01;ID;0.028
2020-01;IL;0.035
2020-01;IN;0.031
2020-01;KS;0.031
2020-01;KY;0.043
2020-01;LA;0.053
2020-01;MA;0.028
2020-01;MD;0.033
2020-01;ME;0.031
2020-01;MI;0.038
2020-01;MN;0.032
2020-01;MO;0.035
2020-01;MS;0.055
2020-01;MT;0.035
2020-01;NC;0.036
2020-01;ND;0.023
2020-01;NE;0.029
2020-01;NH;0.026
2020-01;NJ;0.038
2020-01;NM;0.048
2020-01;NV;0.036
2020-01;NY;0.038
2020-01;OH;0.041
2020-01;OK;0.033
2020-01;OR;0.033
2020-01;PA;0.047
2020-01;RI;0.034
2020-01;SC;0.024
2020-01;SD;0.034
2020-01;TN;0.033
2020-01;TX;0.035
2020-01;UT;0.025
2020-01;VA;0.027
2020-01;VT;0.024
2020-01;WA;0.039
2020-01;WI;0.035
2020-01;WV;0.05
2020-01;WY;0.037
2020-02;AK;0.058
2020-02;AL;0.027
2020-02;AR;0.035
2020-02;AZ;0.045
2020-02;CA;0.039
2020-02;CO;0.025
2020-02;CT;0.038
2020-02;DE;0.039
2020-02;FL;0.028
2020-02;GA;0.031
2020-02;HI;0.027
2020-02;IA;0.028
2020-02;ID;0.027
2020-02;IL;0.034
2020-02;IN;0.031
2020-02;KS;0.031
2020-02;KY;0.042
2020-02;LA;0.052
2020-02;MA;0.028
2020-02;MD;0.033
2020-02;ME;0.032
2020-02;MI;0.036
2020-02;MN;0.031
2020-02;MO;0.035
2020-02;MS;0.054
2020-02;MT;0.035
2020-02;NC;0.036
2020-02;ND;0.022
2020-02;NE;0.029
2020-02;NH;0.026
2020-02;NJ;0.038
2020-02;NM;0.048
2020-02;NV;0.036
2020-02;NY;0.037
2020-02;OH;0.041
2020-02;OK;0.032
2020-02;OR;0.033
2020-02;PA;0.047
2020-02;RI;0.034
2020-02;SC;0.025
2020-02;SD;0.033
2020-02;TN;0.034
2020-02;TX;0.035
2020-02;UT;0.025
2020-02;VA;0.026
2020-02;VT;0.024
2020-02;WA;0.038
2020-02;WI;0.035
2020-02;WV;0.049
2020-02;WY;0.037
2020-03;AK;0.052
2020-03;AL;0.03
2020-03;AR;0.05
2020-03;AZ;0.061
2020-03;CA;0.055
2020-03;CO;0.052
2020-03;CT;0.034
2020-03;DE;0.05
2020-03;FL;0.044
2020-03;GA;0.046
2020-03;HI;0.024
2020-03;IA;0.033
2020-03;ID;0.025
2020-03;IL;0.042
2020-03;IN;0.03
2020-03;KS;0.028
2020-03;KY;0.052
2020-03;LA;0.067
2020-03;MA;0.028
2020-03;MD;0.033
2020-03;ME;0.03
2020-03;MI;0.043
2020-03;MN;0.029
2020-03;MO;0.039
2020-03;MS;0.051
2020-03;MT;0.036
2020-03;NC;0.043
2020-03;ND;0.02
2020-03;NE;0.04
2020-03;NH;0.024
2020-03;NJ;0.037
2020-03;NM;0.063
2020-03;NV;0.069
2020-03;NY;0.041
2020-03;OH;0.058
2020-03;OK;0.029
2020-03;OR;0.035
2020-03;PA;0.058
2020-03;RI;0.047
2020-03;SC;0.032
2020-03;SD;0.031
2020-03;TN;0.033
2020-03;TX;0.051
2020-03;UT;0.038
2020-03;VA;0.033
2020-03;VT;0.031
2020-03;WA;0.051
2020-03;WI;0.031
2020-03;WV;0.06
2020-03;WY;0.038
2020-04;AK;0.135
2020-04;AL;0.138
2020-04;AR;0.108
2020-04;AZ;0.134
2020-04;CA;0.164
2020-04;CO;0.122
2020-04;CT;0.083
2020-04;DE;0.149
2020-04;FL;0.138
2020-04;GA;0.126
2020-04;HI;0.238
2020-04;IA;0.11
2020-04;ID;0.118
2020-04;IL;0.172
2020-04;IN;0.175
2020-04;KS;0.119
2020-04;KY;0.166
2020-04;LA;0.151
2020-04;MA;0.162
2020-04;MD;0.101
2020-04;ME;0.104
2020-04;MI;0.24
2020-04;MN;0.087
2020-04;MO;0.102
2020-04;MS;0.163
2020-04;MT;0.119
2020-04;NC;0.129
2020-04;ND;0.091
2020-04;NE;0.087
2020-04;NH;0.171
2020-04;NJ;0.163
2020-04;NM;0.119
2020-04;NV;0.301
2020-04;NY;0.153
2020-04;OH;0.176
2020-04;OK;0.147
2020-04;OR;0.149
2020-04;PA;0.161
2020-04;RI;0.181
2020-04;SC;0.128
2020-04;SD;0.109
2020-04;TN;0.155
2020-04;TX;0.135
2020-04;UT;0.104
2020-04;VA;0.112
2020-04;VT;0.165
2020-04;WA;0.163
2020-04;WI;0.136
2020-04;WV;0.159
2020-04;WY;0.096
2020-05;AK;0.127
2020-05;AL;0.096
2020-05;AR;0.096
2020-05;AZ;0.09
2020-05;CA;0.164
2020-05;CO;0.102
2020-05;CT;0.096
2020-05;DE;0.159
2020-05;FL;0.137
2020-05;GA;0.094
2020-05;HI;0.235
2020-05;IA;0.102
2020-05;ID;0.09
2020-05;IL;0.153
2020-05;IN;0.123
2020-05;KS;0.1
2020-05;KY;0.109
2020-05;LA;0.142
2020-05;MA;0.166
2020-05;MD;0.1
2020-05;ME;0.094
2020-05;MI;0.213
2020-05;MN;0.099
2020-05;MO;0.101
2020-05;MS;0.105
2020-05;MT;0.09
2020-05;NC;0.128
2020-05;ND;0.091
2020-05;NE;0.053
2020-05;NH;0.154
2020-05;NJ;0.154
2020-05;NM;0.091
2020-05;NV;0.253
2020-05;NY;0.145
2020-05;OH;0.139
2020-05;OK;0.126
2020-05;OR;0.143
2020-05;PA;0.134
2020-05;RI;0.164
2020-05;SC;0.124
2020-05;SD;0.094
2020-05;TN;0.11
2020-05;TX;0.13
2020-05;UT;0.086
2020-05;VA;0.09
2020-05;VT;0.128
2020-05;WA;0.151
2020-05;WI;0.121
2020-05;WV;0.129
2020-05;WY;0.088
2020-06;AK;0.124
2020-06;AL;0.075
2020-06;AR;0.08
2020-06;AZ;0.1
2020-06;CA;0.149
2020-06;CO;0.105
2020-06;CT;0.098
2020-06;DE;0.125
2020-06;FL;0.104
2020-06;GA;0.076
2020-06;HI;0.139
2020-06;IA;0.08
2020-06;ID;0.056
2020-06;IL;0.146
2020-06;IN;0.112
2020-06;KS;0.075
2020-06;KY;0.043
2020-06;LA;0.097
2020-06;MA;0.174
2020-06;MD;0.08
2020-06;ME;0.066
2020-06;MI;0.148
2020-06;MN;0.086
2020-06;MO;0.079
2020-06;MS;0.087
2020-06;MT;0.071
2020-06;NC;0.076
2020-06;ND;0.061
2020-06;NE;0.067
2020-06;NH;0.118
2020-06;NJ;0.166
2020-06;NM;0.083
2020-06;NV;0.15
2020-06;NY;0.157
2020-06;OH;0.109
2020-06;OK;0.066
2020-06;OR;0.112
2020-06;PA;0.13
2020-06;RI;0.124
2020-06;SC;0.087
2020-06;SD;0.072
2020-06;TN;0.097
2020-06;TX;0.086
2020-06;UT;0.051
2020-06;VA;0.084
2020-06;VT;0.094
2020-06;WA;0.098
2020-06;WI;0.085
2020-06;WV;0.104
2020-06;WY;0.076
