State;Violent Crime Rate;Date
AL;418.1;2013-01
AK;602.6;2013-01
AZ;405.8;2013-01
AR;445.7;2013-01
CA;396.2;2013-01
CO;291.2;2013-01
CT;254.5;2013-01
DE;479.1;2013-01
FL;460;2013-01
GA;359.7;2013-01
HI;245.3;2013-01
ID;204.7;2013-01
IL;372.5;2013-01
IN;349.9;2013-01
IA;260.9;2013-01
KS;327.5;2013-01
KY;198.8;2013-01
LA;510.4;2013-01
ME;121.6;2013-01
MD;467.8;2013-01
MA;404;2013-01
MI;429.8;2013-01
MN;223.2;2013-01
MS;267.4;2013-01
MO;422;2013-01
MT;240.7;2013-01
NE;252.2;2013-01
NV;591.2;2013-01
NH;199.6;2013-01
NJ;285.6;2013-01
NM;596.7;2013-01
NY;389.8;2013-01
NC;336.6;2013-01
ND;256.3;2013-01
OH;275.7;2013-01
OK;428.1;2013-01
OR;242.9;2013-01
PA;326.6;2013-01
RI;244.6;2013-01
SC;494.8;2013-01
SD;298.7;2013-01
TN;579.7;2013-01
TX;399.8;2013-01
UT;209.2;2013-01
VT;114.9;2013-01
VA;187.9;2013-01
WA;277.9;2013-01
WV;289.7;2013-01
WI;271.1;2013-01
WY;197.7;2013-01
AL;418.1;2013-02
AK;602.6;2013-02
AZ;405.8;2013-02
AR;445.7;2013-02
CA;396.2;2013-02
CO;291.2;2013-02
CT;254.5;2013-02
DE;479.1;2013-02
FL;460;2013-02
GA;359.7;2013-02
HI;245.3;2013-02
ID;204.7;2013-02
IL;372.5;2013-02
IN;349.9;2013-02
IA;260.9;2013-02
KS;327.5;2013-02
KY;198.8;2013-02
LA;510.4;2013-02
ME;121.6;2013-02
MD;467.8;2013-02
MA;404;2013-02
MI;429.8;2013-02
MN;223.2;2013-02
MS;267.4;2013-02
MO;422;2013-02
MT;240.7;2013-02
NE;252.2;2013-02
NV;591.2;2013-02
NH;199.6;2013-02
NJ;285.6;2013-02
NM;596.7;2013-02
NY;389.8;2013-02
NC;336.6;2013-02
ND;256.3;2013-02
OH;275.7;2013-02
OK;428.1;2013-02
OR;242.9;2013-02
PA;326.6;2013-02
RI;244.6;2013-02
SC;494.8;2013-02
SD;298.7;2013-02
TN;579.7;2013-02
TX;399.8;2013-02
UT;209.2;2013-02
VT;114.9;2013-02
VA;187.9;2013-02
WA;277.9;2013-02
WV;289.7;2013-02
WI;271.1;2013-02
WY;197.7;2013-02
AL;418.1;2013-03
AK;602.6;2013-03
AZ;405.8;2013-03
AR;445.7;2013-03
CA;396.2;2013-03
CO;291.2;2013-03
CT;254.5;2013-03
DE;479.1;2013-03
FL;460;2013-03
GA;359.7;2013-03
HI;245.3;2013-03
ID;204.7;2013-03
IL;372.5;2013-03
IN;349.9;2013-03
IA;260.9;2013-03
KS;327.5;2013-03
KY;198.8;2013-03
LA;510.4;2013-03
ME;121.6;2013-03
MD;467.8;2013-03
MA;404;2013-03
MI;429.8;2013-03
MN;223.2;2013-03
MS;267.4;2013-03
MO;422;2013-03
MT;240.7;2013-03
NE;252.2;2013-03
NV;591.2;2013-03
NH;199.6;2013-03
NJ;285.6;2013-03
NM;596.7;2013-03
NY;389.8;2013-03
NC;336.6;2013-03
ND;256.3;2013-03
OH;275.7;2013-03
OK;428.1;2013-03
OR;242.9;2013-03
PA;326.6;2013-03
RI;244.6;2013-03
SC;494.8;2013-03
SD;298.7;2013-03
TN;579.7;2013-03
TX;399.8;2013-03
UT;209.2;2013-03
VT;114.9;2013-03
VA;187.9;2013-03
WA;277.9;2013-03
WV;289.7;2013-03
WI;271.1;2013-03
WY;197.7;2013-03
AL;418.1;2013-04
AK;602.6;2013-04
AZ;405.8;2013-04
AR;445.7;2013-04
CA;396.2;2013-04
CO;291.2;2013-04
CT;254.5;2013-04
DE;479.1;2013-04
FL;460;2013-04
GA;359.7;2013-04
HI;245.3;2013-04
ID;204.7;2013-04
IL;372.5;2013-04
IN;349.9;2013-04
IA;260.9;2013-04
KS;327.5;2013-04
KY;198.8;2013-04
LA;510.4;2013-04
ME;121.6;2013-04
MD;467.8;2013-04
MA;404;2013-04
MI;429.8;2013-04
MN;223.2;2013-04
MS;267.4;2013-04
MO;422;2013-04
MT;240.7;2013-04
NE;252.2;2013-04
NV;591.2;2013-04
NH;199.6;2013-04
NJ;285.6;2013-04
NM;596.7;2013-04
NY;389.8;2013-04
NC;336.6;2013-04
ND;256.3;2013-04
OH;275.7;2013-04
OK;428.1;2013-04
OR;242.9;2013-04
PA;326.6;2013-04
RI;244.6;2013-04
SC;494.8;2013-04
SD;298.7;2013-04
TN;579.7;2013-04
TX;399.8;2013-04
UT;209.2;2013-04
VT;114.9;2013-04
VA;187.9;2013-04
WA;277.9;2013-04
WV;289.7;2013-04
WI;271.1;2013-04
WY;197.7;2013-04
AL;418.1;2013-05
AK;602.6;2013-05
AZ;405.8;2013-05
AR;445.7;2013-05
CA;396.2;2013-05
CO;291.2;2013-05
CT;254.5;2013-05
DE;479.1;2013-05
FL;460;2013-05
GA;359.7;2013-05
HI;245.3;2013-05
ID;204.7;2013-05
IL;372.5;2013-05
IN;349.9;2013-05
IA;260.9;2013-05
KS;327.5;2013-05
KY;198.8;2013-05
LA;510.4;2013-05
ME;121.6;2013-05
MD;467.8;2013-05
MA;404;2013-05
MI;429.8;2013-05
MN;223.2;2013-05
MS;267.4;2013-05
MO;422;2013-05
MT;240.7;2013-05
NE;252.2;2013-05
NV;591.2;2013-05
NH;199.6;2013-05
NJ;285.6;2013-05
NM;596.7;2013-05
NY;389.8;2013-05
NC;336.6;2013-05
ND;256.3;2013-05
OH;275.7;2013-05
OK;428.1;2013-05
OR;242.9;2013-05
PA;326.6;2013-05
RI;244.6;2013-05
SC;494.8;2013-05
SD;298.7;2013-05
TN;579.7;2013-05
TX;399.8;2013-05
UT;209.2;2013-05
VT;114.9;2013-05
VA;187.9;2013-05
WA;277.9;2013-05
WV;289.7;2013-05
WI;271.1;2013-05
WY;197.7;2013-05
AL;418.1;2013-06
AK;602.6;2013-06
AZ;405.8;2013-06
AR;445.7;2013-06
CA;396.2;2013-06
CO;291.2;2013-06
CT;254.5;2013-06
DE;479.1;2013-06
FL;460;2013-06
GA;359.7;2013-06
HI;245.3;2013-06
ID;204.7;2013-06
IL;372.5;2013-06
IN;349.9;2013-06
IA;260.9;2013-06
KS;327.5;2013-06
KY;198.8;2013-06
LA;510.4;2013-06
ME;121.6;2013-06
MD;467.8;2013-06
MA;404;2013-06
MI;429.8;2013-06
MN;223.2;2013-06
MS;267.4;2013-06
MO;422;2013-06
MT;240.7;2013-06
NE;252.2;2013-06
NV;591.2;2013-06
NH;199.6;2013-06
NJ;285.6;2013-06
NM;596.7;2013-06
NY;389.8;2013-06
NC;336.6;2013-06
ND;256.3;2013-06
OH;275.7;2013-06
OK;428.1;2013-06
OR;242.9;2013-06
PA;326.6;2013-06
RI;244.6;2013-06
SC;494.8;2013-06
SD;298.7;2013-06
TN;579.7;2013-06
TX;399.8;2013-06
UT;209.2;2013-06
VT;114.9;2013-06
VA;187.9;2013-06
WA;277.9;2013-06
WV;289.7;2013-06
WI;271.1;2013-06
WY;197.7;2013-06
AL;418.1;2013-07
AK;602.6;2013-07
AZ;405.8;2013-07
AR;445.7;2013-07
CA;396.2;2013-07
CO;291.2;2013-07
CT;254.5;2013-07
DE;479.1;2013-07
FL;460;2013-07
GA;359.7;2013-07
HI;245.3;2013-07
ID;204.7;2013-07
IL;372.5;2013-07
IN;349.9;2013-07
IA;260.9;2013-07
KS;327.5;2013-07
KY;198.8;2013-07
LA;510.4;2013-07
ME;121.6;2013-07
MD;467.8;2013-07
MA;404;2013-07
MI;429.8;2013-07
MN;223.2;2013-07
MS;267.4;2013-07
MO;422;2013-07
MT;240.7;2013-07
NE;252.2;2013-07
NV;591.2;2013-07
NH;199.6;2013-07
NJ;285.6;2013-07
NM;596.7;2013-07
NY;389.8;2013-07
NC;336.6;2013-07
ND;256.3;2013-07
OH;275.7;2013-07
OK;428.1;2013-07
OR;242.9;2013-07
PA;326.6;2013-07
RI;244.6;2013-07
SC;494.8;2013-07
SD;298.7;2013-07
TN;579.7;2013-07
TX;399.8;2013-07
UT;209.2;2013-07
VT;114.9;2013-07
VA;187.9;2013-07
WA;277.9;2013-07
WV;289.7;2013-07
WI;271.1;2013-07
WY;197.7;2013-07
AL;418.1;2013-08
AK;602.6;2013-08
AZ;405.8;2013-08
AR;445.7;2013-08
CA;396.2;2013-08
CO;291.2;2013-08
CT;254.5;2013-08
DE;479.1;2013-08
FL;460;2013-08
GA;359.7;2013-08
HI;245.3;2013-08
ID;204.7;2013-08
IL;372.5;2013-08
IN;349.9;2013-08
IA;260.9;2013-08
KS;327.5;2013-08
KY;198.8;2013-08
LA;510.4;2013-08
ME;121.6;2013-08
MD;467.8;2013-08
MA;404;2013-08
MI;429.8;2013-08
MN;223.2;2013-08
MS;267.4;2013-08
MO;422;2013-08
MT;240.7;2013-08
NE;252.2;2013-08
NV;591.2;2013-08
NH;199.6;2013-08
NJ;285.6;2013-08
NM;596.7;2013-08
NY;389.8;2013-08
NC;336.6;2013-08
ND;256.3;2013-08
OH;275.7;2013-08
OK;428.1;2013-08
OR;242.9;2013-08
PA;326.6;2013-08
RI;244.6;2013-08
SC;494.8;2013-08
SD;298.7;2013-08
TN;579.7;2013-08
TX;399.8;2013-08
UT;209.2;2013-08
VT;114.9;2013-08
VA;187.9;2013-08
WA;277.9;2013-08
WV;289.7;2013-08
WI;271.1;2013-08
WY;197.7;2013-08
AL;418.1;2013-09
AK;602.6;2013-09
AZ;405.8;2013-09
AR;445.7;2013-09
CA;396.2;2013-09
CO;291.2;2013-09
CT;254.5;2013-09
DE;479.1;2013-09
FL;460;2013-09
GA;359.7;2013-09
HI;245.3;2013-09
ID;204.7;2013-09
IL;372.5;2013-09
IN;349.9;2013-09
IA;260.9;2013-09
KS;327.5;2013-09
KY;198.8;2013-09
LA;510.4;2013-09
ME;121.6;2013-09
MD;467.8;2013-09
MA;404;2013-09
MI;429.8;2013-09
MN;223.2;2013-09
MS;267.4;2013-09
MO;422;2013-09
MT;240.7;2013-09
NE;252.2;2013-09
NV;591.2;2013-09
NH;199.6;2013-09
NJ;285.6;2013-09
NM;596.7;2013-09
NY;389.8;2013-09
NC;336.6;2013-09
ND;256.3;2013-09
OH;275.7;2013-09
OK;428.1;2013-09
OR;242.9;2013-09
PA;326.6;2013-09
RI;244.6;2013-09
SC;494.8;2013-09
SD;298.7;2013-09
TN;579.7;2013-09
TX;399.8;2013-09
UT;209.2;2013-09
VT;114.9;2013-09
VA;187.9;2013-09
WA;277.9;2013-09
WV;289.7;2013-09
WI;271.1;2013-09
WY;197.7;2013-09
AL;418.1;2013-10
AK;602.6;2013-10
AZ;405.8;2013-10
AR;445.7;2013-10
CA;396.2;2013-10
CO;291.2;2013-10
CT;254.5;2013-10
DE;479.1;2013-10
FL;460;2013-10
GA;359.7;2013-10
HI;245.3;2013-10
ID;204.7;2013-10
IL;372.5;2013-10
IN;349.9;2013-10
IA;260.9;2013-10
KS;327.5;2013-10
KY;198.8;2013-10
LA;510.4;2013-10
ME;121.6;2013-10
MD;467.8;2013-10
MA;404;2013-10
MI;429.8;2013-10
MN;223.2;2013-10
MS;267.4;2013-10
MO;422;2013-10
MT;240.7;2013-10
NE;252.2;2013-10
NV;591.2;2013-10
NH;199.6;2013-10
NJ;285.6;2013-10
NM;596.7;2013-10
NY;389.8;2013-10
NC;336.6;2013-10
ND;256.3;2013-10
OH;275.7;2013-10
OK;428.1;2013-10
OR;242.9;2013-10
PA;326.6;2013-10
RI;244.6;2013-10
SC;494.8;2013-10
SD;298.7;2013-10
TN;579.7;2013-10
TX;399.8;2013-10
UT;209.2;2013-10
VT;114.9;2013-10
VA;187.9;2013-10
WA;277.9;2013-10
WV;289.7;2013-10
WI;271.1;2013-10
WY;197.7;2013-10
AL;418.1;2013-11
AK;602.6;2013-11
AZ;405.8;2013-11
AR;445.7;2013-11
CA;396.2;2013-11
CO;291.2;2013-11
CT;254.5;2013-11
DE;479.1;2013-11
FL;460;2013-11
GA;359.7;2013-11
HI;245.3;2013-11
ID;204.7;2013-11
IL;372.5;2013-11
IN;349.9;2013-11
IA;260.9;2013-11
KS;327.5;2013-11
KY;198.8;2013-11
LA;510.4;2013-11
ME;121.6;2013-11
MD;467.8;2013-11
MA;404;2013-11
MI;429.8;2013-11
MN;223.2;2013-11
MS;267.4;2013-11
MO;422;2013-11
MT;240.7;2013-11
NE;252.2;2013-11
NV;591.2;2013-11
NH;199.6;2013-11
NJ;285.6;2013-11
NM;596.7;2013-11
NY;389.8;2013-11
NC;336.6;2013-11
ND;256.3;2013-11
OH;275.7;2013-11
OK;428.1;2013-11
OR;242.9;2013-11
PA;326.6;2013-11
RI;244.6;2013-11
SC;494.8;2013-11
SD;298.7;2013-11
TN;579.7;2013-11
TX;399.8;2013-11
UT;209.2;2013-11
VT;114.9;2013-11
VA;187.9;2013-11
WA;277.9;2013-11
WV;289.7;2013-11
WI;271.1;2013-11
WY;197.7;2013-11
AL;418.1;2013-12
AK;602.6;2013-12
AZ;405.8;2013-12
AR;445.7;2013-12
CA;396.2;2013-12
CO;291.2;2013-12
CT;254.5;2013-12
DE;479.1;2013-12
FL;460;2013-12
GA;359.7;2013-12
HI;245.3;2013-12
ID;204.7;2013-12
IL;372.5;2013-12
IN;349.9;2013-12
IA;260.9;2013-12
KS;327.5;2013-12
KY;198.8;2013-12
LA;510.4;2013-12
ME;121.6;2013-12
MD;467.8;2013-12
MA;404;2013-12
MI;429.8;2013-12
MN;223.2;2013-12
MS;267.4;2013-12
MO;422;2013-12
MT;240.7;2013-12
NE;252.2;2013-12
NV;591.2;2013-12
NH;199.6;2013-12
NJ;285.6;2013-12
NM;596.7;2013-12
NY;389.8;2013-12
NC;336.6;2013-12
ND;256.3;2013-12
OH;275.7;2013-12
OK;428.1;2013-12
OR;242.9;2013-12
PA;326.6;2013-12
RI;244.6;2013-12
SC;494.8;2013-12
SD;298.7;2013-12
TN;579.7;2013-12
TX;399.8;2013-12
UT;209.2;2013-12
VT;114.9;2013-12
VA;187.9;2013-12
WA;277.9;2013-12
WV;289.7;2013-12
WI;271.1;2013-12
WY;197.7;2013-12
AL;427.4;2014-01
AK;635.8;2014-01
AZ;399.9;2014-01
AR;480.1;2014-01
CA;396.1;2014-01
CO;309.1;2014-01
CT;236.9;2014-01
DE;489.1;2014-01
FL;540.5;2014-01
GA;377.3;2014-01
HI;259.2;2014-01
ID;212.2;2014-01
IL;370;2014-01
IN;365.3;2014-01
IA;273.5;2014-01
KS;348.6;2014-01
KY;211.6;2014-01
LA;514.7;2014-01
ME;127.8;2014-01
MD;446.1;2014-01
MA;391.4;2014-01
MI;427.3;2014-01
MN;229.1;2014-01
MS;278.5;2014-01
MO;442.9;2014-01
MT;323.7;2014-01
NE;280.4;2014-01
NV;635.6;2014-01
NH;196.1;2014-01
NJ;261.2;2014-01
NM;597.4;2014-01
NY;381.8;2014-01
NC;329.5;2014-01
ND;265.1;2014-01
OH;284.9;2014-01
OK;406;2014-01
OR;232.3;2014-01
PA;314.1;2014-01
RI;219.2;2014-01
SC;497.7;2014-01
SD;326.5;2014-01
TN;608.4;2014-01
TX;405.9;2014-01
UT;215.6;2014-01
VT;99.3;2014-01
VA;196.2;2014-01
WA;285.2;2014-01
WV;302;2014-01
WI;290.3;2014-01
WY;195.5;2014-01
AL;427.4;2014-02
AK;635.8;2014-02
AZ;399.9;2014-02
AR;480.1;2014-02
CA;396.1;2014-02
CO;309.1;2014-02
CT;236.9;2014-02
DE;489.1;2014-02
FL;540.5;2014-02
GA;377.3;2014-02
HI;259.2;2014-02
ID;212.2;2014-02
IL;370;2014-02
IN;365.3;2014-02
IA;273.5;2014-02
KS;348.6;2014-02
KY;211.6;2014-02
LA;514.7;2014-02
ME;127.8;2014-02
MD;446.1;2014-02
MA;391.4;2014-02
MI;427.3;2014-02
MN;229.1;2014-02
MS;278.5;2014-02
MO;442.9;2014-02
MT;323.7;2014-02
NE;280.4;2014-02
NV;635.6;2014-02
NH;196.1;2014-02
NJ;261.2;2014-02
NM;597.4;2014-02
NY;381.8;2014-02
NC;329.5;2014-02
ND;265.1;2014-02
OH;284.9;2014-02
OK;406;2014-02
OR;232.3;2014-02
PA;314.1;2014-02
RI;219.2;2014-02
SC;497.7;2014-02
SD;326.5;2014-02
TN;608.4;2014-02
TX;405.9;2014-02
UT;215.6;2014-02
VT;99.3;2014-02
VA;196.2;2014-02
WA;285.2;2014-02
WV;302;2014-02
WI;290.3;2014-02
WY;195.5;2014-02
AL;427.4;2014-03
AK;635.8;2014-03
AZ;399.9;2014-03
AR;480.1;2014-03
CA;396.1;2014-03
CO;309.1;2014-03
CT;236.9;2014-03
DE;489.1;2014-03
FL;540.5;2014-03
GA;377.3;2014-03
HI;259.2;2014-03
ID;212.2;2014-03
IL;370;2014-03
IN;365.3;2014-03
IA;273.5;2014-03
KS;348.6;2014-03
KY;211.6;2014-03
LA;514.7;2014-03
ME;127.8;2014-03
MD;446.1;2014-03
MA;391.4;2014-03
MI;427.3;2014-03
MN;229.1;2014-03
MS;278.5;2014-03
MO;442.9;2014-03
MT;323.7;2014-03
NE;280.4;2014-03
NV;635.6;2014-03
NH;196.1;2014-03
NJ;261.2;2014-03
NM;597.4;2014-03
NY;381.8;2014-03
NC;329.5;2014-03
ND;265.1;2014-03
OH;284.9;2014-03
OK;406;2014-03
OR;232.3;2014-03
PA;314.1;2014-03
RI;219.2;2014-03
SC;497.7;2014-03
SD;326.5;2014-03
TN;608.4;2014-03
TX;405.9;2014-03
UT;215.6;2014-03
VT;99.3;2014-03
VA;196.2;2014-03
WA;285.2;2014-03
WV;302;2014-03
WI;290.3;2014-03
WY;195.5;2014-03
AL;427.4;2014-04
AK;635.8;2014-04
AZ;399.9;2014-04
AR;480.1;2014-04
CA;396.1;2014-04
CO;309.1;2014-04
CT;236.9;2014-04
DE;489.1;2014-04
FL;540.5;2014-04
GA;377.3;2014-04
HI;259.2;2014-04
ID;212.2;2014-04
IL;370;2014-04
IN;365.3;2014-04
IA;273.5;2014-04
KS;348.6;2014-04
KY;211.6;2014-04
LA;514.7;2014-04
ME;127.8;2014-04
MD;446.1;2014-04
MA;391.4;2014-04
MI;427.3;2014-04
MN;229.1;2014-04
MS;278.5;2014-04
MO;442.9;2014-04
MT;323.7;2014-04
NE;280.4;2014-04
NV;635.6;2014-04
NH;196.1;2014-04
NJ;261.2;2014-04
NM;597.4;2014-04
NY;381.8;2014-04
NC;329.5;2014-04
ND;265.1;2014-04
OH;284.9;2014-04
OK;406;2014-04
OR;232.3;2014-04
PA;314.1;2014-04
RI;219.2;2014-04
SC;497.7;2014-04
SD;326.5;2014-04
TN;608.4;2014-04
TX;405.9;2014-04
UT;215.6;2014-04
VT;99.3;2014-04
VA;196.2;2014-04
WA;285.2;2014-04
WV;302;2014-04
WI;290.3;2014-04
WY;195.5;2014-04
AL;427.4;2014-05
AK;635.8;2014-05
AZ;399.9;2014-05
AR;480.1;2014-05
CA;396.1;2014-05
CO;309.1;2014-05
CT;236.9;2014-05
DE;489.1;2014-05
FL;540.5;2014-05
GA;377.3;2014-05
HI;259.2;2014-05
ID;212.2;2014-05
IL;370;2014-05
IN;365.3;2014-05
IA;273.5;2014-05
KS;348.6;2014-05
KY;211.6;2014-05
LA;514.7;2014-05
ME;127.8;2014-05
MD;446.1;2014-05
MA;391.4;2014-05
MI;427.3;2014-05
MN;229.1;2014-05
MS;278.5;2014-05
MO;442.9;2014-05
MT;323.7;2014-05
NE;280.4;2014-05
NV;635.6;2014-05
NH;196.1;2014-05
NJ;261.2;2014-05
NM;597.4;2014-05
NY;381.8;2014-05
NC;329.5;2014-05
ND;265.1;2014-05
OH;284.9;2014-05
OK;406;2014-05
OR;232.3;2014-05
PA;314.1;2014-05
RI;219.2;2014-05
SC;497.7;2014-05
SD;326.5;2014-05
TN;608.4;2014-05
TX;405.9;2014-05
UT;215.6;2014-05
VT;99.3;2014-05
VA;196.2;2014-05
WA;285.2;2014-05
WV;302;2014-05
WI;290.3;2014-05
WY;195.5;2014-05
AL;427.4;2014-06
AK;635.8;2014-06
AZ;399.9;2014-06
AR;480.1;2014-06
CA;396.1;2014-06
CO;309.1;2014-06
CT;236.9;2014-06
DE;489.1;2014-06
FL;540.5;2014-06
GA;377.3;2014-06
HI;259.2;2014-06
ID;212.2;2014-06
IL;370;2014-06
IN;365.3;2014-06
IA;273.5;2014-06
KS;348.6;2014-06
KY;211.6;2014-06
LA;514.7;2014-06
ME;127.8;2014-06
MD;446.1;2014-06
MA;391.4;2014-06
MI;427.3;2014-06
MN;229.1;2014-06
MS;278.5;2014-06
MO;442.9;2014-06
MT;323.7;2014-06
NE;280.4;2014-06
NV;635.6;2014-06
NH;196.1;2014-06
NJ;261.2;2014-06
NM;597.4;2014-06
NY;381.8;2014-06
NC;329.5;2014-06
ND;265.1;2014-06
OH;284.9;2014-06
OK;406;2014-06
OR;232.3;2014-06
PA;314.1;2014-06
RI;219.2;2014-06
SC;497.7;2014-06
SD;326.5;2014-06
TN;608.4;2014-06
TX;405.9;2014-06
UT;215.6;2014-06
VT;99.3;2014-06
VA;196.2;2014-06
WA;285.2;2014-06
WV;302;2014-06
WI;290.3;2014-06
WY;195.5;2014-06
AL;427.4;2014-07
AK;635.8;2014-07
AZ;399.9;2014-07
AR;480.1;2014-07
CA;396.1;2014-07
CO;309.1;2014-07
CT;236.9;2014-07
DE;489.1;2014-07
FL;540.5;2014-07
GA;377.3;2014-07
HI;259.2;2014-07
ID;212.2;2014-07
IL;370;2014-07
IN;365.3;2014-07
IA;273.5;2014-07
KS;348.6;2014-07
KY;211.6;2014-07
LA;514.7;2014-07
ME;127.8;2014-07
MD;446.1;2014-07
MA;391.4;2014-07
MI;427.3;2014-07
MN;229.1;2014-07
MS;278.5;2014-07
MO;442.9;2014-07
MT;323.7;2014-07
NE;280.4;2014-07
NV;635.6;2014-07
NH;196.1;2014-07
NJ;261.2;2014-07
NM;597.4;2014-07
NY;381.8;2014-07
NC;329.5;2014-07
ND;265.1;2014-07
OH;284.9;2014-07
OK;406;2014-07
OR;232.3;2014-07
PA;314.1;2014-07
RI;219.2;2014-07
SC;497.7;2014-07
SD;326.5;2014-07
TN;608.4;2014-07
TX;405.9;2014-07
UT;215.6;2014-07
VT;99.3;2014-07
VA;196.2;2014-07
WA;285.2;2014-07
WV;302;2014-07
WI;290.3;2014-07
WY;195.5;2014-07
AL;427.4;2014-08
AK;635.8;2014-08
AZ;399.9;2014-08
AR;480.1;2014-08
CA;396.1;2014-08
CO;309.1;2014-08
CT;236.9;2014-08
DE;489.1;2014-08
FL;540.5;2014-08
GA;377.3;2014-08
HI;259.2;2014-08
ID;212.2;2014-08
IL;370;2014-08
IN;365.3;2014-08
IA;273.5;2014-08
KS;348.6;2014-08
KY;211.6;2014-08
LA;514.7;2014-08
ME;127.8;2014-08
MD;446.1;2014-08
MA;391.4;2014-08
MI;427.3;2014-08
MN;229.1;2014-08
MS;278.5;2014-08
MO;442.9;2014-08
MT;323.7;2014-08
NE;280.4;2014-08
NV;635.6;2014-08
NH;196.1;2014-08
NJ;261.2;2014-08
NM;597.4;2014-08
NY;381.8;2014-08
NC;329.5;2014-08
ND;265.1;2014-08
OH;284.9;2014-08
OK;406;2014-08
OR;232.3;2014-08
PA;314.1;2014-08
RI;219.2;2014-08
SC;497.7;2014-08
SD;326.5;2014-08
TN;608.4;2014-08
TX;405.9;2014-08
UT;215.6;2014-08
VT;99.3;2014-08
VA;196.2;2014-08
WA;285.2;2014-08
WV;302;2014-08
WI;290.3;2014-08
WY;195.5;2014-08
AL;427.4;2014-09
AK;635.8;2014-09
AZ;399.9;2014-09
AR;480.1;2014-09
CA;396.1;2014-09
CO;309.1;2014-09
CT;236.9;2014-09
DE;489.1;2014-09
FL;540.5;2014-09
GA;377.3;2014-09
HI;259.2;2014-09
ID;212.2;2014-09
IL;370;2014-09
IN;365.3;2014-09
IA;273.5;2014-09
KS;348.6;2014-09
KY;211.6;2014-09
LA;514.7;2014-09
ME;127.8;2014-09
MD;446.1;2014-09
MA;391.4;2014-09
MI;427.3;2014-09
MN;229.1;2014-09
MS;278.5;2014-09
MO;442.9;2014-09
MT;323.7;2014-09
NE;280.4;2014-09
NV;635.6;2014-09
NH;196.1;2014-09
NJ;261.2;2014-09
NM;597.4;2014-09
NY;381.8;2014-09
NC;329.5;2014-09
ND;265.1;2014-09
OH;284.9;2014-09
OK;406;2014-09
OR;232.3;2014-09
PA;314.1;2014-09
RI;219.2;2014-09
SC;497.7;2014-09
SD;326.5;2014-09
TN;608.4;2014-09
TX;405.9;2014-09
UT;215.6;2014-09
VT;99.3;2014-09
VA;196.2;2014-09
WA;285.2;2014-09
WV;302;2014-09
WI;290.3;2014-09
WY;195.5;2014-09
AL;427.4;2014-10
AK;635.8;2014-10
AZ;399.9;2014-10
AR;480.1;2014-10
CA;396.1;2014-10
CO;309.1;2014-10
CT;236.9;2014-10
DE;489.1;2014-10
FL;540.5;2014-10
GA;377.3;2014-10
HI;259.2;2014-10
ID;212.2;2014-10
IL;370;2014-10
IN;365.3;2014-10
IA;273.5;2014-10
KS;348.6;2014-10
KY;211.6;2014-10
LA;514.7;2014-10
ME;127.8;2014-10
MD;446.1;2014-10
MA;391.4;2014-10
MI;427.3;2014-10
MN;229.1;2014-10
MS;278.5;2014-10
MO;442.9;2014-10
MT;323.7;2014-10
NE;280.4;2014-10
NV;635.6;2014-10
NH;196.1;2014-10
NJ;261.2;2014-10
NM;597.4;2014-10
NY;381.8;2014-10
NC;329.5;2014-10
ND;265.1;2014-10
OH;284.9;2014-10
OK;406;2014-10
OR;232.3;2014-10
PA;314.1;2014-10
RI;219.2;2014-10
SC;497.7;2014-10
SD;326.5;2014-10
TN;608.4;2014-10
TX;405.9;2014-10
UT;215.6;2014-10
VT;99.3;2014-10
VA;196.2;2014-10
WA;285.2;2014-10
WV;302;2014-10
WI;290.3;2014-10
WY;195.5;2014-10
AL;427.4;2014-11
AK;635.8;2014-11
AZ;399.9;2014-11
AR;480.1;2014-11
CA;396.1;2014-11
CO;309.1;2014-11
CT;236.9;2014-11
DE;489.1;2014-11
FL;540.5;2014-11
GA;377.3;2014-11
HI;259.2;2014-11
ID;212.2;2014-11
IL;370;2014-11
IN;365.3;2014-11
IA;273.5;2014-11
KS;348.6;2014-11
KY;211.6;2014-11
LA;514.7;2014-11
ME;127.8;2014-11
MD;446.1;2014-11
MA;391.4;2014-11
MI;427.3;2014-11
MN;229.1;2014-11
MS;278.5;2014-11
MO;442.9;2014-11
MT;323.7;2014-11
NE;280.4;2014-11
NV;635.6;2014-11
NH;196.1;2014-11
NJ;261.2;2014-11
NM;597.4;2014-11
NY;381.8;2014-11
NC;329.5;2014-11
ND;265.1;2014-11
OH;284.9;2014-11
OK;406;2014-11
OR;232.3;2014-11
PA;314.1;2014-11
RI;219.2;2014-11
SC;497.7;2014-11
SD;326.5;2014-11
TN;608.4;2014-11
TX;405.9;2014-11
UT;215.6;2014-11
VT;99.3;2014-11
VA;196.2;2014-11
WA;285.2;2014-11
WV;302;2014-11
WI;290.3;2014-11
WY;195.5;2014-11
AL;427.4;2014-12
AK;635.8;2014-12
AZ;399.9;2014-12
AR;480.1;2014-12
CA;396.1;2014-12
CO;309.1;2014-12
CT;236.9;2014-12
DE;489.1;2014-12
FL;540.5;2014-12
GA;377.3;2014-12
HI;259.2;2014-12
ID;212.2;2014-12
IL;370;2014-12
IN;365.3;2014-12
IA;273.5;2014-12
KS;348.6;2014-12
KY;211.6;2014-12
LA;514.7;2014-12
ME;127.8;2014-12
MD;446.1;2014-12
MA;391.4;2014-12
MI;427.3;2014-12
MN;229.1;2014-12
MS;278.5;2014-12
MO;442.9;2014-12
MT;323.7;2014-12
NE;280.4;2014-12
NV;635.6;2014-12
NH;196.1;2014-12
NJ;261.2;2014-12
NM;597.4;2014-12
NY;381.8;2014-12
NC;329.5;2014-12
ND;265.1;2014-12
OH;284.9;2014-12
OK;406;2014-12
OR;232.3;2014-12
PA;314.1;2014-12
RI;219.2;2014-12
SC;497.7;2014-12
SD;326.5;2014-12
TN;608.4;2014-12
TX;405.9;2014-12
UT;215.6;2014-12
VT;99.3;2014-12
VA;196.2;2014-12
WA;285.2;2014-12
WV;302;2014-12
WI;290.3;2014-12
WY;195.5;2014-12
AL;472.4;2015-01
AK;730.2;2015-01
AZ;410.2;2015-01
AR;521.3;2015-01
CA;426.3;2015-01
CO;321;2015-01
CT;218.5;2015-01
DE;499;2015-01
FL;461.9;2015-01
GA;378.3;2015-01
HI;293.4;2015-01
ID;215.6;2015-01
IL;383.8;2015-01
IN;387.5;2015-01
IA;286.1;2015-01
KS;389.9;2015-01
KY;218.7;2015-01
LA;539.7;2015-01
ME;130.1;2015-01
MD;457.2;2015-01
MA;390.9;2015-01
MI;415.5;2015-01
MN;242.6;2015-01
MS;275.8;2015-01
MO;497.4;2015-01
MT;349.6;2015-01
NE;274.9;2015-01
NV;695.9;2015-01
NH;199.3;2015-01
NJ;255.4;2015-01
NM;656.1;2015-01
NY;379.7;2015-01
NC;347;2015-01
ND;239.4;2015-01
OH;291.9;2015-01
OK;422;2015-01
OR;259.8;2015-01
PA;315.1;2015-01
RI;242.5;2015-01
SC;504.5;2015-01
SD;383.1;2015-01
TN;612.1;2015-01
TX;412.2;2015-01
UT;236;2015-01
VT;118;2015-01
VA;195.6;2015-01
WA;284.4;2015-01
WV;337.9;2015-01
WI;305.8;2015-01
WY;222.1;2015-01
AL;472.4;2015-02
AK;730.2;2015-02
AZ;410.2;2015-02
AR;521.3;2015-02
CA;426.3;2015-02
CO;321;2015-02
CT;218.5;2015-02
DE;499;2015-02
FL;461.9;2015-02
GA;378.3;2015-02
HI;293.4;2015-02
ID;215.6;2015-02
IL;383.8;2015-02
IN;387.5;2015-02
IA;286.1;2015-02
KS;389.9;2015-02
KY;218.7;2015-02
LA;539.7;2015-02
ME;130.1;2015-02
MD;457.2;2015-02
MA;390.9;2015-02
MI;415.5;2015-02
MN;242.6;2015-02
MS;275.8;2015-02
MO;497.4;2015-02
MT;349.6;2015-02
NE;274.9;2015-02
NV;695.9;2015-02
NH;199.3;2015-02
NJ;255.4;2015-02
NM;656.1;2015-02
NY;379.7;2015-02
NC;347;2015-02
ND;239.4;2015-02
OH;291.9;2015-02
OK;422;2015-02
OR;259.8;2015-02
PA;315.1;2015-02
RI;242.5;2015-02
SC;504.5;2015-02
SD;383.1;2015-02
TN;612.1;2015-02
TX;412.2;2015-02
UT;236;2015-02
VT;118;2015-02
VA;195.6;2015-02
WA;284.4;2015-02
WV;337.9;2015-02
WI;305.8;2015-02
WY;222.1;2015-02
AL;472.4;2015-03
AK;730.2;2015-03
AZ;410.2;2015-03
AR;521.3;2015-03
CA;426.3;2015-03
CO;321;2015-03
CT;218.5;2015-03
DE;499;2015-03
FL;461.9;2015-03
GA;378.3;2015-03
HI;293.4;2015-03
ID;215.6;2015-03
IL;383.8;2015-03
IN;387.5;2015-03
IA;286.1;2015-03
KS;389.9;2015-03
KY;218.7;2015-03
LA;539.7;2015-03
ME;130.1;2015-03
MD;457.2;2015-03
MA;390.9;2015-03
MI;415.5;2015-03
MN;242.6;2015-03
MS;275.8;2015-03
MO;497.4;2015-03
MT;349.6;2015-03
NE;274.9;2015-03
NV;695.9;2015-03
NH;199.3;2015-03
NJ;255.4;2015-03
NM;656.1;2015-03
NY;379.7;2015-03
NC;347;2015-03
ND;239.4;2015-03
OH;291.9;2015-03
OK;422;2015-03
OR;259.8;2015-03
PA;315.1;2015-03
RI;242.5;2015-03
SC;504.5;2015-03
SD;383.1;2015-03
TN;612.1;2015-03
TX;412.2;2015-03
UT;236;2015-03
VT;118;2015-03
VA;195.6;2015-03
WA;284.4;2015-03
WV;337.9;2015-03
WI;305.8;2015-03
WY;222.1;2015-03
AL;472.4;2015-04
AK;730.2;2015-04
AZ;410.2;2015-04
AR;521.3;2015-04
CA;426.3;2015-04
CO;321;2015-04
CT;218.5;2015-04
DE;499;2015-04
FL;461.9;2015-04
GA;378.3;2015-04
HI;293.4;2015-04
ID;215.6;2015-04
IL;383.8;2015-04
IN;387.5;2015-04
IA;286.1;2015-04
KS;389.9;2015-04
KY;218.7;2015-04
LA;539.7;2015-04
ME;130.1;2015-04
MD;457.2;2015-04
MA;390.9;2015-04
MI;415.5;2015-04
MN;242.6;2015-04
MS;275.8;2015-04
MO;497.4;2015-04
MT;349.6;2015-04
NE;274.9;2015-04
NV;695.9;2015-04
NH;199.3;2015-04
NJ;255.4;2015-04
NM;656.1;2015-04
NY;379.7;2015-04
NC;347;2015-04
ND;239.4;2015-04
OH;291.9;2015-04
OK;422;2015-04
OR;259.8;2015-04
PA;315.1;2015-04
RI;242.5;2015-04
SC;504.5;2015-04
SD;383.1;2015-04
TN;612.1;2015-04
TX;412.2;2015-04
UT;236;2015-04
VT;118;2015-04
VA;195.6;2015-04
WA;284.4;2015-04
WV;337.9;2015-04
WI;305.8;2015-04
WY;222.1;2015-04
AL;472.4;2015-05
AK;730.2;2015-05
AZ;410.2;2015-05
AR;521.3;2015-05
CA;426.3;2015-05
CO;321;2015-05
CT;218.5;2015-05
DE;499;2015-05
FL;461.9;2015-05
GA;378.3;2015-05
HI;293.4;2015-05
ID;215.6;2015-05
IL;383.8;2015-05
IN;387.5;2015-05
IA;286.1;2015-05
KS;389.9;2015-05
KY;218.7;2015-05
LA;539.7;2015-05
ME;130.1;2015-05
MD;457.2;2015-05
MA;390.9;2015-05
MI;415.5;2015-05
MN;242.6;2015-05
MS;275.8;2015-05
MO;497.4;2015-05
MT;349.6;2015-05
NE;274.9;2015-05
NV;695.9;2015-05
NH;199.3;2015-05
NJ;255.4;2015-05
NM;656.1;2015-05
NY;379.7;2015-05
NC;347;2015-05
ND;239.4;2015-05
OH;291.9;2015-05
OK;422;2015-05
OR;259.8;2015-05
PA;315.1;2015-05
RI;242.5;2015-05
SC;504.5;2015-05
SD;383.1;2015-05
TN;612.1;2015-05
TX;412.2;2015-05
UT;236;2015-05
VT;118;2015-05
VA;195.6;2015-05
WA;284.4;2015-05
WV;337.9;2015-05
WI;305.8;2015-05
WY;222.1;2015-05
AL;472.4;2015-06
AK;730.2;2015-06
AZ;410.2;2015-06
AR;521.3;2015-06
CA;426.3;2015-06
CO;321;2015-06
CT;218.5;2015-06
DE;499;2015-06
FL;461.9;2015-06
GA;378.3;2015-06
HI;293.4;2015-06
ID;215.6;2015-06
IL;383.8;2015-06
IN;387.5;2015-06
IA;286.1;2015-06
KS;389.9;2015-06
KY;218.7;2015-06
LA;539.7;2015-06
ME;130.1;2015-06
MD;457.2;2015-06
MA;390.9;2015-06
MI;415.5;2015-06
MN;242.6;2015-06
MS;275.8;2015-06
MO;497.4;2015-06
MT;349.6;2015-06
NE;274.9;2015-06
NV;695.9;2015-06
NH;199.3;2015-06
NJ;255.4;2015-06
NM;656.1;2015-06
NY;379.7;2015-06
NC;347;2015-06
ND;239.4;2015-06
OH;291.9;2015-06
OK;422;2015-06
OR;259.8;2015-06
PA;315.1;2015-06
RI;242.5;2015-06
SC;504.5;2015-06
SD;383.1;2015-06
TN;612.1;2015-06
TX;412.2;2015-06
UT;236;2015-06
VT;118;2015-06
VA;195.6;2015-06
WA;284.4;2015-06
WV;337.9;2015-06
WI;305.8;2015-06
WY;222.1;2015-06
AL;472.4;2015-07
AK;730.2;2015-07
AZ;410.2;2015-07
AR;521.3;2015-07
CA;426.3;2015-07
CO;321;2015-07
CT;218.5;2015-07
DE;499;2015-07
FL;461.9;2015-07
GA;378.3;2015-07
HI;293.4;2015-07
ID;215.6;2015-07
IL;383.8;2015-07
IN;387.5;2015-07
IA;286.1;2015-07
KS;389.9;2015-07
KY;218.7;2015-07
LA;539.7;2015-07
ME;130.1;2015-07
MD;457.2;2015-07
MA;390.9;2015-07
MI;415.5;2015-07
MN;242.6;2015-07
MS;275.8;2015-07
MO;497.4;2015-07
MT;349.6;2015-07
NE;274.9;2015-07
NV;695.9;2015-07
NH;199.3;2015-07
NJ;255.4;2015-07
NM;656.1;2015-07
NY;379.7;2015-07
NC;347;2015-07
ND;239.4;2015-07
OH;291.9;2015-07
OK;422;2015-07
OR;259.8;2015-07
PA;315.1;2015-07
RI;242.5;2015-07
SC;504.5;2015-07
SD;383.1;2015-07
TN;612.1;2015-07
TX;412.2;2015-07
UT;236;2015-07
VT;118;2015-07
VA;195.6;2015-07
WA;284.4;2015-07
WV;337.9;2015-07
WI;305.8;2015-07
WY;222.1;2015-07
AL;472.4;2015-08
AK;730.2;2015-08
AZ;410.2;2015-08
AR;521.3;2015-08
CA;426.3;2015-08
CO;321;2015-08
CT;218.5;2015-08
DE;499;2015-08
FL;461.9;2015-08
GA;378.3;2015-08
HI;293.4;2015-08
ID;215.6;2015-08
IL;383.8;2015-08
IN;387.5;2015-08
IA;286.1;2015-08
KS;389.9;2015-08
KY;218.7;2015-08
LA;539.7;2015-08
ME;130.1;2015-08
MD;457.2;2015-08
MA;390.9;2015-08
MI;415.5;2015-08
MN;242.6;2015-08
MS;275.8;2015-08
MO;497.4;2015-08
MT;349.6;2015-08
NE;274.9;2015-08
NV;695.9;2015-08
NH;199.3;2015-08
NJ;255.4;2015-08
NM;656.1;2015-08
NY;379.7;2015-08
NC;347;2015-08
ND;239.4;2015-08
OH;291.9;2015-08
OK;422;2015-08
OR;259.8;2015-08
PA;315.1;2015-08
RI;242.5;2015-08
SC;504.5;2015-08
SD;383.1;2015-08
TN;612.1;2015-08
TX;412.2;2015-08
UT;236;2015-08
VT;118;2015-08
VA;195.6;2015-08
WA;284.4;2015-08
WV;337.9;2015-08
WI;305.8;2015-08
WY;222.1;2015-08
AL;472.4;2015-09
AK;730.2;2015-09
AZ;410.2;2015-09
AR;521.3;2015-09
CA;426.3;2015-09
CO;321;2015-09
CT;218.5;2015-09
DE;499;2015-09
FL;461.9;2015-09
GA;378.3;2015-09
HI;293.4;2015-09
ID;215.6;2015-09
IL;383.8;2015-09
IN;387.5;2015-09
IA;286.1;2015-09
KS;389.9;2015-09
KY;218.7;2015-09
LA;539.7;2015-09
ME;130.1;2015-09
MD;457.2;2015-09
MA;390.9;2015-09
MI;415.5;2015-09
MN;242.6;2015-09
MS;275.8;2015-09
MO;497.4;2015-09
MT;349.6;2015-09
NE;274.9;2015-09
NV;695.9;2015-09
NH;199.3;2015-09
NJ;255.4;2015-09
NM;656.1;2015-09
NY;379.7;2015-09
NC;347;2015-09
ND;239.4;2015-09
OH;291.9;2015-09
OK;422;2015-09
OR;259.8;2015-09
PA;315.1;2015-09
RI;242.5;2015-09
SC;504.5;2015-09
SD;383.1;2015-09
TN;612.1;2015-09
TX;412.2;2015-09
UT;236;2015-09
VT;118;2015-09
VA;195.6;2015-09
WA;284.4;2015-09
WV;337.9;2015-09
WI;305.8;2015-09
WY;222.1;2015-09
AL;472.4;2015-10
AK;730.2;2015-10
AZ;410.2;2015-10
AR;521.3;2015-10
CA;426.3;2015-10
CO;321;2015-10
CT;218.5;2015-10
DE;499;2015-10
FL;461.9;2015-10
GA;378.3;2015-10
HI;293.4;2015-10
ID;215.6;2015-10
IL;383.8;2015-10
IN;387.5;2015-10
IA;286.1;2015-10
KS;389.9;2015-10
KY;218.7;2015-10
LA;539.7;2015-10
ME;130.1;2015-10
MD;457.2;2015-10
MA;390.9;2015-10
MI;415.5;2015-10
MN;242.6;2015-10
MS;275.8;2015-10
MO;497.4;2015-10
MT;349.6;2015-10
NE;274.9;2015-10
NV;695.9;2015-10
NH;199.3;2015-10
NJ;255.4;2015-10
NM;656.1;2015-10
NY;379.7;2015-10
NC;347;2015-10
ND;239.4;2015-10
OH;291.9;2015-10
OK;422;2015-10
OR;259.8;2015-10
PA;315.1;2015-10
RI;242.5;2015-10
SC;504.5;2015-10
SD;383.1;2015-10
TN;612.1;2015-10
TX;412.2;2015-10
UT;236;2015-10
VT;118;2015-10
VA;195.6;2015-10
WA;284.4;2015-10
WV;337.9;2015-10
WI;305.8;2015-10
WY;222.1;2015-10
AL;472.4;2015-11
AK;730.2;2015-11
AZ;410.2;2015-11
AR;521.3;2015-11
CA;426.3;2015-11
CO;321;2015-11
CT;218.5;2015-11
DE;499;2015-11
FL;461.9;2015-11
GA;378.3;2015-11
HI;293.4;2015-11
ID;215.6;2015-11
IL;383.8;2015-11
IN;387.5;2015-11
IA;286.1;2015-11
KS;389.9;2015-11
KY;218.7;2015-11
LA;539.7;2015-11
ME;130.1;2015-11
MD;457.2;2015-11
MA;390.9;2015-11
MI;415.5;2015-11
MN;242.6;2015-11
MS;275.8;2015-11
MO;497.4;2015-11
MT;349.6;2015-11
NE;274.9;2015-11
NV;695.9;2015-11
NH;199.3;2015-11
NJ;255.4;2015-11
NM;656.1;2015-11
NY;379.7;2015-11
NC;347;2015-11
ND;239.4;2015-11
OH;291.9;2015-11
OK;422;2015-11
OR;259.8;2015-11
PA;315.1;2015-11
RI;242.5;2015-11
SC;504.5;2015-11
SD;383.1;2015-11
TN;612.1;2015-11
TX;412.2;2015-11
UT;236;2015-11
VT;118;2015-11
VA;195.6;2015-11
WA;284.4;2015-11
WV;337.9;2015-11
WI;305.8;2015-11
WY;222.1;2015-11
AL;472.4;2015-12
AK;730.2;2015-12
AZ;410.2;2015-12
AR;521.3;2015-12
CA;426.3;2015-12
CO;321;2015-12
CT;218.5;2015-12
DE;499;2015-12
FL;461.9;2015-12
GA;378.3;2015-12
HI;293.4;2015-12
ID;215.6;2015-12
IL;383.8;2015-12
IN;387.5;2015-12
IA;286.1;2015-12
KS;389.9;2015-12
KY;218.7;2015-12
LA;539.7;2015-12
ME;130.1;2015-12
MD;457.2;2015-12
MA;390.9;2015-12
MI;415.5;2015-12
MN;242.6;2015-12
MS;275.8;2015-12
MO;497.4;2015-12
MT;349.6;2015-12
NE;274.9;2015-12
NV;695.9;2015-12
NH;199.3;2015-12
NJ;255.4;2015-12
NM;656.1;2015-12
NY;379.7;2015-12
NC;347;2015-12
ND;239.4;2015-12
OH;291.9;2015-12
OK;422;2015-12
OR;259.8;2015-12
PA;315.1;2015-12
RI;242.5;2015-12
SC;504.5;2015-12
SD;383.1;2015-12
TN;612.1;2015-12
TX;412.2;2015-12
UT;236;2015-12
VT;118;2015-12
VA;195.6;2015-12
WA;284.4;2015-12
WV;337.9;2015-12
WI;305.8;2015-12
WY;222.1;2015-12
AL;532.3;2016-01
AK;804.2;2016-01
AZ;470.1;2016-01
AR;550.9;2016-01
CA;445.3;2016-01
CO;342.6;2016-01
CT;227.1;2016-01
DE;508.8;2016-01
FL;430.3;2016-01
GA;397.6;2016-01
HI;309.2;2016-01
ID;230.3;2016-01
IL;436.3;2016-01
IN;404.7;2016-01
IA;290.6;2016-01
KS;380.4;2016-01
KY;232.3;2016-01
LA;566.1;2016-01
ME;123.8;2016-01
MD;472;2016-01
MA;376.9;2016-01
MI;459;2016-01
MN;242.6;2016-01
MS;280.5;2016-01
MO;519.4;2016-01
MT;368.3;2016-01
NE;291;2016-01
NV;678.1;2016-01
NH;197.6;2016-01
NJ;245;2016-01
NM;702.5;2016-01
NY;376.2;2016-01
NC;372.2;2016-01
ND;251.1;2016-01
OH;300.3;2016-01
OK;449.8;2016-01
OR;264.6;2016-01
PA;316.4;2016-01
RI;238.9;2016-01
SC;501.8;2016-01
SD;418.4;2016-01
TN;632.9;2016-01
TX;434.4;2016-01
UT;242.8;2016-01
VT;158.3;2016-01
VA;217.6;2016-01
WA;302.2;2016-01
WV;358.1;2016-01
WI;305.9;2016-01
WY;244.2;2016-01
AL;532.3;2016-02
AK;804.2;2016-02
AZ;470.1;2016-02
AR;550.9;2016-02
CA;445.3;2016-02
CO;342.6;2016-02
CT;227.1;2016-02
DE;508.8;2016-02
FL;430.3;2016-02
GA;397.6;2016-02
HI;309.2;2016-02
ID;230.3;2016-02
IL;436.3;2016-02
IN;404.7;2016-02
IA;290.6;2016-02
KS;380.4;2016-02
KY;232.3;2016-02
LA;566.1;2016-02
ME;123.8;2016-02
MD;472;2016-02
MA;376.9;2016-02
MI;459;2016-02
MN;242.6;2016-02
MS;280.5;2016-02
MO;519.4;2016-02
MT;368.3;2016-02
NE;291;2016-02
NV;678.1;2016-02
NH;197.6;2016-02
NJ;245;2016-02
NM;702.5;2016-02
NY;376.2;2016-02
NC;372.2;2016-02
ND;251.1;2016-02
OH;300.3;2016-02
OK;449.8;2016-02
OR;264.6;2016-02
PA;316.4;2016-02
RI;238.9;2016-02
SC;501.8;2016-02
SD;418.4;2016-02
TN;632.9;2016-02
TX;434.4;2016-02
UT;242.8;2016-02
VT;158.3;2016-02
VA;217.6;2016-02
WA;302.2;2016-02
WV;358.1;2016-02
WI;305.9;2016-02
WY;244.2;2016-02
AL;532.3;2016-03
AK;804.2;2016-03
AZ;470.1;2016-03
AR;550.9;2016-03
CA;445.3;2016-03
CO;342.6;2016-03
CT;227.1;2016-03
DE;508.8;2016-03
FL;430.3;2016-03
GA;397.6;2016-03
HI;309.2;2016-03
ID;230.3;2016-03
IL;436.3;2016-03
IN;404.7;2016-03
IA;290.6;2016-03
KS;380.4;2016-03
KY;232.3;2016-03
LA;566.1;2016-03
ME;123.8;2016-03
MD;472;2016-03
MA;376.9;2016-03
MI;459;2016-03
MN;242.6;2016-03
MS;280.5;2016-03
MO;519.4;2016-03
MT;368.3;2016-03
NE;291;2016-03
NV;678.1;2016-03
NH;197.6;2016-03
NJ;245;2016-03
NM;702.5;2016-03
NY;376.2;2016-03
NC;372.2;2016-03
ND;251.1;2016-03
OH;300.3;2016-03
OK;449.8;2016-03
OR;264.6;2016-03
PA;316.4;2016-03
RI;238.9;2016-03
SC;501.8;2016-03
SD;418.4;2016-03
TN;632.9;2016-03
TX;434.4;2016-03
UT;242.8;2016-03
VT;158.3;2016-03
VA;217.6;2016-03
WA;302.2;2016-03
WV;358.1;2016-03
WI;305.9;2016-03
WY;244.2;2016-03
AL;532.3;2016-04
AK;804.2;2016-04
AZ;470.1;2016-04
AR;550.9;2016-04
CA;445.3;2016-04
CO;342.6;2016-04
CT;227.1;2016-04
DE;508.8;2016-04
FL;430.3;2016-04
GA;397.6;2016-04
HI;309.2;2016-04
ID;230.3;2016-04
IL;436.3;2016-04
IN;404.7;2016-04
IA;290.6;2016-04
KS;380.4;2016-04
KY;232.3;2016-04
LA;566.1;2016-04
ME;123.8;2016-04
MD;472;2016-04
MA;376.9;2016-04
MI;459;2016-04
MN;242.6;2016-04
MS;280.5;2016-04
MO;519.4;2016-04
MT;368.3;2016-04
NE;291;2016-04
NV;678.1;2016-04
NH;197.6;2016-04
NJ;245;2016-04
NM;702.5;2016-04
NY;376.2;2016-04
NC;372.2;2016-04
ND;251.1;2016-04
OH;300.3;2016-04
OK;449.8;2016-04
OR;264.6;2016-04
PA;316.4;2016-04
RI;238.9;2016-04
SC;501.8;2016-04
SD;418.4;2016-04
TN;632.9;2016-04
TX;434.4;2016-04
UT;242.8;2016-04
VT;158.3;2016-04
VA;217.6;2016-04
WA;302.2;2016-04
WV;358.1;2016-04
WI;305.9;2016-04
WY;244.2;2016-04
AL;532.3;2016-05
AK;804.2;2016-05
AZ;470.1;2016-05
AR;550.9;2016-05
CA;445.3;2016-05
CO;342.6;2016-05
CT;227.1;2016-05
DE;508.8;2016-05
FL;430.3;2016-05
GA;397.6;2016-05
HI;309.2;2016-05
ID;230.3;2016-05
IL;436.3;2016-05
IN;404.7;2016-05
IA;290.6;2016-05
KS;380.4;2016-05
KY;232.3;2016-05
LA;566.1;2016-05
ME;123.8;2016-05
MD;472;2016-05
MA;376.9;2016-05
MI;459;2016-05
MN;242.6;2016-05
MS;280.5;2016-05
MO;519.4;2016-05
MT;368.3;2016-05
NE;291;2016-05
NV;678.1;2016-05
NH;197.6;2016-05
NJ;245;2016-05
NM;702.5;2016-05
NY;376.2;2016-05
NC;372.2;2016-05
ND;251.1;2016-05
OH;300.3;2016-05
OK;449.8;2016-05
OR;264.6;2016-05
PA;316.4;2016-05
RI;238.9;2016-05
SC;501.8;2016-05
SD;418.4;2016-05
TN;632.9;2016-05
TX;434.4;2016-05
UT;242.8;2016-05
VT;158.3;2016-05
VA;217.6;2016-05
WA;302.2;2016-05
WV;358.1;2016-05
WI;305.9;2016-05
WY;244.2;2016-05
AL;532.3;2016-06
AK;804.2;2016-06
AZ;470.1;2016-06
AR;550.9;2016-06
CA;445.3;2016-06
CO;342.6;2016-06
CT;227.1;2016-06
DE;508.8;2016-06
FL;430.3;2016-06
GA;397.6;2016-06
HI;309.2;2016-06
ID;230.3;2016-06
IL;436.3;2016-06
IN;404.7;2016-06
IA;290.6;2016-06
KS;380.4;2016-06
KY;232.3;2016-06
LA;566.1;2016-06
ME;123.8;2016-06
MD;472;2016-06
MA;376.9;2016-06
MI;459;2016-06
MN;242.6;2016-06
MS;280.5;2016-06
MO;519.4;2016-06
MT;368.3;2016-06
NE;291;2016-06
NV;678.1;2016-06
NH;197.6;2016-06
NJ;245;2016-06
NM;702.5;2016-06
NY;376.2;2016-06
NC;372.2;2016-06
ND;251.1;2016-06
OH;300.3;2016-06
OK;449.8;2016-06
OR;264.6;2016-06
PA;316.4;2016-06
RI;238.9;2016-06
SC;501.8;2016-06
SD;418.4;2016-06
TN;632.9;2016-06
TX;434.4;2016-06
UT;242.8;2016-06
VT;158.3;2016-06
VA;217.6;2016-06
WA;302.2;2016-06
WV;358.1;2016-06
WI;305.9;2016-06
WY;244.2;2016-06
AL;532.3;2016-07
AK;804.2;2016-07
AZ;470.1;2016-07
AR;550.9;2016-07
CA;445.3;2016-07
CO;342.6;2016-07
CT;227.1;2016-07
DE;508.8;2016-07
FL;430.3;2016-07
GA;397.6;2016-07
HI;309.2;2016-07
ID;230.3;2016-07
IL;436.3;2016-07
IN;404.7;2016-07
IA;290.6;2016-07
KS;380.4;2016-07
KY;232.3;2016-07
LA;566.1;2016-07
ME;123.8;2016-07
MD;472;2016-07
MA;376.9;2016-07
MI;459;2016-07
MN;242.6;2016-07
MS;280.5;2016-07
MO;519.4;2016-07
MT;368.3;2016-07
NE;291;2016-07
NV;678.1;2016-07
NH;197.6;2016-07
NJ;245;2016-07
NM;702.5;2016-07
NY;376.2;2016-07
NC;372.2;2016-07
ND;251.1;2016-07
OH;300.3;2016-07
OK;449.8;2016-07
OR;264.6;2016-07
PA;316.4;2016-07
RI;238.9;2016-07
SC;501.8;2016-07
SD;418.4;2016-07
TN;632.9;2016-07
TX;434.4;2016-07
UT;242.8;2016-07
VT;158.3;2016-07
VA;217.6;2016-07
WA;302.2;2016-07
WV;358.1;2016-07
WI;305.9;2016-07
WY;244.2;2016-07
AL;532.3;2016-08
AK;804.2;2016-08
AZ;470.1;2016-08
AR;550.9;2016-08
CA;445.3;2016-08
CO;342.6;2016-08
CT;227.1;2016-08
DE;508.8;2016-08
FL;430.3;2016-08
GA;397.6;2016-08
HI;309.2;2016-08
ID;230.3;2016-08
IL;436.3;2016-08
IN;404.7;2016-08
IA;290.6;2016-08
KS;380.4;2016-08
KY;232.3;2016-08
LA;566.1;2016-08
ME;123.8;2016-08
MD;472;2016-08
MA;376.9;2016-08
MI;459;2016-08
MN;242.6;2016-08
MS;280.5;2016-08
MO;519.4;2016-08
MT;368.3;2016-08
NE;291;2016-08
NV;678.1;2016-08
NH;197.6;2016-08
NJ;245;2016-08
NM;702.5;2016-08
NY;376.2;2016-08
NC;372.2;2016-08
ND;251.1;2016-08
OH;300.3;2016-08
OK;449.8;2016-08
OR;264.6;2016-08
PA;316.4;2016-08
RI;238.9;2016-08
SC;501.8;2016-08
SD;418.4;2016-08
TN;632.9;2016-08
TX;434.4;2016-08
UT;242.8;2016-08
VT;158.3;2016-08
VA;217.6;2016-08
WA;302.2;2016-08
WV;358.1;2016-08
WI;305.9;2016-08
WY;244.2;2016-08
AL;532.3;2016-09
AK;804.2;2016-09
AZ;470.1;2016-09
AR;550.9;2016-09
CA;445.3;2016-09
CO;342.6;2016-09
CT;227.1;2016-09
DE;508.8;2016-09
FL;430.3;2016-09
GA;397.6;2016-09
HI;309.2;2016-09
ID;230.3;2016-09
IL;436.3;2016-09
IN;404.7;2016-09
IA;290.6;2016-09
KS;380.4;2016-09
KY;232.3;2016-09
LA;566.1;2016-09
ME;123.8;2016-09
MD;472;2016-09
MA;376.9;2016-09
MI;459;2016-09
MN;242.6;2016-09
MS;280.5;2016-09
MO;519.4;2016-09
MT;368.3;2016-09
NE;291;2016-09
NV;678.1;2016-09
NH;197.6;2016-09
NJ;245;2016-09
NM;702.5;2016-09
NY;376.2;2016-09
NC;372.2;2016-09
ND;251.1;2016-09
OH;300.3;2016-09
OK;449.8;2016-09
OR;264.6;2016-09
PA;316.4;2016-09
RI;238.9;2016-09
SC;501.8;2016-09
SD;418.4;2016-09
TN;632.9;2016-09
TX;434.4;2016-09
UT;242.8;2016-09
VT;158.3;2016-09
VA;217.6;2016-09
WA;302.2;2016-09
WV;358.1;2016-09
WI;305.9;2016-09
WY;244.2;2016-09
AL;532.3;2016-10
AK;804.2;2016-10
AZ;470.1;2016-10
AR;550.9;2016-10
CA;445.3;2016-10
CO;342.6;2016-10
CT;227.1;2016-10
DE;508.8;2016-10
FL;430.3;2016-10
GA;397.6;2016-10
HI;309.2;2016-10
ID;230.3;2016-10
IL;436.3;2016-10
IN;404.7;2016-10
IA;290.6;2016-10
KS;380.4;2016-10
KY;232.3;2016-10
LA;566.1;2016-10
ME;123.8;2016-10
MD;472;2016-10
MA;376.9;2016-10
MI;459;2016-10
MN;242.6;2016-10
MS;280.5;2016-10
MO;519.4;2016-10
MT;368.3;2016-10
NE;291;2016-10
NV;678.1;2016-10
NH;197.6;2016-10
NJ;245;2016-10
NM;702.5;2016-10
NY;376.2;2016-10
NC;372.2;2016-10
ND;251.1;2016-10
OH;300.3;2016-10
OK;449.8;2016-10
OR;264.6;2016-10
PA;316.4;2016-10
RI;238.9;2016-10
SC;501.8;2016-10
SD;418.4;2016-10
TN;632.9;2016-10
TX;434.4;2016-10
UT;242.8;2016-10
VT;158.3;2016-10
VA;217.6;2016-10
WA;302.2;2016-10
WV;358.1;2016-10
WI;305.9;2016-10
WY;244.2;2016-10
AL;532.3;2016-11
AK;804.2;2016-11
AZ;470.1;2016-11
AR;550.9;2016-11
CA;445.3;2016-11
CO;342.6;2016-11
CT;227.1;2016-11
DE;508.8;2016-11
FL;430.3;2016-11
GA;397.6;2016-11
HI;309.2;2016-11
ID;230.3;2016-11
IL;436.3;2016-11
IN;404.7;2016-11
IA;290.6;2016-11
KS;380.4;2016-11
KY;232.3;2016-11
LA;566.1;2016-11
ME;123.8;2016-11
MD;472;2016-11
MA;376.9;2016-11
MI;459;2016-11
MN;242.6;2016-11
MS;280.5;2016-11
MO;519.4;2016-11
MT;368.3;2016-11
NE;291;2016-11
NV;678.1;2016-11
NH;197.6;2016-11
NJ;245;2016-11
NM;702.5;2016-11
NY;376.2;2016-11
NC;372.2;2016-11
ND;251.1;2016-11
OH;300.3;2016-11
OK;449.8;2016-11
OR;264.6;2016-11
PA;316.4;2016-11
RI;238.9;2016-11
SC;501.8;2016-11
SD;418.4;2016-11
TN;632.9;2016-11
TX;434.4;2016-11
UT;242.8;2016-11
VT;158.3;2016-11
VA;217.6;2016-11
WA;302.2;2016-11
WV;358.1;2016-11
WI;305.9;2016-11
WY;244.2;2016-11
AL;532.3;2016-12
AK;804.2;2016-12
AZ;470.1;2016-12
AR;550.9;2016-12
CA;445.3;2016-12
CO;342.6;2016-12
CT;227.1;2016-12
DE;508.8;2016-12
FL;430.3;2016-12
GA;397.6;2016-12
HI;309.2;2016-12
ID;230.3;2016-12
IL;436.3;2016-12
IN;404.7;2016-12
IA;290.6;2016-12
KS;380.4;2016-12
KY;232.3;2016-12
LA;566.1;2016-12
ME;123.8;2016-12
MD;472;2016-12
MA;376.9;2016-12
MI;459;2016-12
MN;242.6;2016-12
MS;280.5;2016-12
MO;519.4;2016-12
MT;368.3;2016-12
NE;291;2016-12
NV;678.1;2016-12
NH;197.6;2016-12
NJ;245;2016-12
NM;702.5;2016-12
NY;376.2;2016-12
NC;372.2;2016-12
ND;251.1;2016-12
OH;300.3;2016-12
OK;449.8;2016-12
OR;264.6;2016-12
PA;316.4;2016-12
RI;238.9;2016-12
SC;501.8;2016-12
SD;418.4;2016-12
TN;632.9;2016-12
TX;434.4;2016-12
UT;242.8;2016-12
VT;158.3;2016-12
VA;217.6;2016-12
WA;302.2;2016-12
WV;358.1;2016-12
WI;305.9;2016-12
WY;244.2;2016-12
AL;524.2;2017-01
AK;829;2017-01
AZ;508;2017-01
AR;554.9;2017-01
CA;449.3;2017-01
CO;368.1;2017-01
CT;228;2017-01
DE;453.4;2017-01
FL;408;2017-01
GA;357.2;2017-01
HI;250.6;2017-01
ID;226.4;2017-01
IL;438.8;2017-01
IN;399;2017-01
IA;293.4;2017-01
KS;413;2017-01
KY;225.8;2017-01
LA;557;2017-01
ME;121;2017-01
MD;500.2;2017-01
MA;358;2017-01
MI;450;2017-01
MN;238.3;2017-01
MS;285.7;2017-01
MO;530.3;2017-01
MT;377.1;2017-01
NE;305.9;2017-01
NV;555.9;2017-01
NH;198.7;2017-01
NJ;228.8;2017-01
NM;783.5;2017-01
NY;356.7;2017-01
NC;363.7;2017-01
ND;281.3;2017-01
OH;297.5;2017-01
OK;456.2;2017-01
OR;281.8;2017-01
PA;313.3;2017-01
RI;232.2;2017-01
SC;506.2;2017-01
SD;433.6;2017-01
TN;651.5;2017-01
TX;438.9;2017-01
UT;238.9;2017-01
VT;165.8;2017-01
VA;208.2;2017-01
WA;304.5;2017-01
WV;350.7;2017-01
WI;319.9;2017-01
WY;237.5;2017-01
AL;524.2;2017-02
AK;829;2017-02
AZ;508;2017-02
AR;554.9;2017-02
CA;449.3;2017-02
CO;368.1;2017-02
CT;228;2017-02
DE;453.4;2017-02
FL;408;2017-02
GA;357.2;2017-02
HI;250.6;2017-02
ID;226.4;2017-02
IL;438.8;2017-02
IN;399;2017-02
IA;293.4;2017-02
KS;413;2017-02
KY;225.8;2017-02
LA;557;2017-02
ME;121;2017-02
MD;500.2;2017-02
MA;358;2017-02
MI;450;2017-02
MN;238.3;2017-02
MS;285.7;2017-02
MO;530.3;2017-02
MT;377.1;2017-02
NE;305.9;2017-02
NV;555.9;2017-02
NH;198.7;2017-02
NJ;228.8;2017-02
NM;783.5;2017-02
NY;356.7;2017-02
NC;363.7;2017-02
ND;281.3;2017-02
OH;297.5;2017-02
OK;456.2;2017-02
OR;281.8;2017-02
PA;313.3;2017-02
RI;232.2;2017-02
SC;506.2;2017-02
SD;433.6;2017-02
TN;651.5;2017-02
TX;438.9;2017-02
UT;238.9;2017-02
VT;165.8;2017-02
VA;208.2;2017-02
WA;304.5;2017-02
WV;350.7;2017-02
WI;319.9;2017-02
WY;237.5;2017-02
AL;524.2;2017-03
AK;829;2017-03
AZ;508;2017-03
AR;554.9;2017-03
CA;449.3;2017-03
CO;368.1;2017-03
CT;228;2017-03
DE;453.4;2017-03
FL;408;2017-03
GA;357.2;2017-03
HI;250.6;2017-03
ID;226.4;2017-03
IL;438.8;2017-03
IN;399;2017-03
IA;293.4;2017-03
KS;413;2017-03
KY;225.8;2017-03
LA;557;2017-03
ME;121;2017-03
MD;500.2;2017-03
MA;358;2017-03
MI;450;2017-03
MN;238.3;2017-03
MS;285.7;2017-03
MO;530.3;2017-03
MT;377.1;2017-03
NE;305.9;2017-03
NV;555.9;2017-03
NH;198.7;2017-03
NJ;228.8;2017-03
NM;783.5;2017-03
NY;356.7;2017-03
NC;363.7;2017-03
ND;281.3;2017-03
OH;297.5;2017-03
OK;456.2;2017-03
OR;281.8;2017-03
PA;313.3;2017-03
RI;232.2;2017-03
SC;506.2;2017-03
SD;433.6;2017-03
TN;651.5;2017-03
TX;438.9;2017-03
UT;238.9;2017-03
VT;165.8;2017-03
VA;208.2;2017-03
WA;304.5;2017-03
WV;350.7;2017-03
WI;319.9;2017-03
WY;237.5;2017-03
AL;524.2;2017-04
AK;829;2017-04
AZ;508;2017-04
AR;554.9;2017-04
CA;449.3;2017-04
CO;368.1;2017-04
CT;228;2017-04
DE;453.4;2017-04
FL;408;2017-04
GA;357.2;2017-04
HI;250.6;2017-04
ID;226.4;2017-04
IL;438.8;2017-04
IN;399;2017-04
IA;293.4;2017-04
KS;413;2017-04
KY;225.8;2017-04
LA;557;2017-04
ME;121;2017-04
MD;500.2;2017-04
MA;358;2017-04
MI;450;2017-04
MN;238.3;2017-04
MS;285.7;2017-04
MO;530.3;2017-04
MT;377.1;2017-04
NE;305.9;2017-04
NV;555.9;2017-04
NH;198.7;2017-04
NJ;228.8;2017-04
NM;783.5;2017-04
NY;356.7;2017-04
NC;363.7;2017-04
ND;281.3;2017-04
OH;297.5;2017-04
OK;456.2;2017-04
OR;281.8;2017-04
PA;313.3;2017-04
RI;232.2;2017-04
SC;506.2;2017-04
SD;433.6;2017-04
TN;651.5;2017-04
TX;438.9;2017-04
UT;238.9;2017-04
VT;165.8;2017-04
VA;208.2;2017-04
WA;304.5;2017-04
WV;350.7;2017-04
WI;319.9;2017-04
WY;237.5;2017-04
AL;524.2;2017-05
AK;829;2017-05
AZ;508;2017-05
AR;554.9;2017-05
CA;449.3;2017-05
CO;368.1;2017-05
CT;228;2017-05
DE;453.4;2017-05
FL;408;2017-05
GA;357.2;2017-05
HI;250.6;2017-05
ID;226.4;2017-05
IL;438.8;2017-05
IN;399;2017-05
IA;293.4;2017-05
KS;413;2017-05
KY;225.8;2017-05
LA;557;2017-05
ME;121;2017-05
MD;500.2;2017-05
MA;358;2017-05
MI;450;2017-05
MN;238.3;2017-05
MS;285.7;2017-05
MO;530.3;2017-05
MT;377.1;2017-05
NE;305.9;2017-05
NV;555.9;2017-05
NH;198.7;2017-05
NJ;228.8;2017-05
NM;783.5;2017-05
NY;356.7;2017-05
NC;363.7;2017-05
ND;281.3;2017-05
OH;297.5;2017-05
OK;456.2;2017-05
OR;281.8;2017-05
PA;313.3;2017-05
RI;232.2;2017-05
SC;506.2;2017-05
SD;433.6;2017-05
TN;651.5;2017-05
TX;438.9;2017-05
UT;238.9;2017-05
VT;165.8;2017-05
VA;208.2;2017-05
WA;304.5;2017-05
WV;350.7;2017-05
WI;319.9;2017-05
WY;237.5;2017-05
AL;524.2;2017-06
AK;829;2017-06
AZ;508;2017-06
AR;554.9;2017-06
CA;449.3;2017-06
CO;368.1;2017-06
CT;228;2017-06
DE;453.4;2017-06
FL;408;2017-06
GA;357.2;2017-06
HI;250.6;2017-06
ID;226.4;2017-06
IL;438.8;2017-06
IN;399;2017-06
IA;293.4;2017-06
KS;413;2017-06
KY;225.8;2017-06
LA;557;2017-06
ME;121;2017-06
MD;500.2;2017-06
MA;358;2017-06
MI;450;2017-06
MN;238.3;2017-06
MS;285.7;2017-06
MO;530.3;2017-06
MT;377.1;2017-06
NE;305.9;2017-06
NV;555.9;2017-06
NH;198.7;2017-06
NJ;228.8;2017-06
NM;783.5;2017-06
NY;356.7;2017-06
NC;363.7;2017-06
ND;281.3;2017-06
OH;297.5;2017-06
OK;456.2;2017-06
OR;281.8;2017-06
PA;313.3;2017-06
RI;232.2;2017-06
SC;506.2;2017-06
SD;433.6;2017-06
TN;651.5;2017-06
TX;438.9;2017-06
UT;238.9;2017-06
VT;165.8;2017-06
VA;208.2;2017-06
WA;304.5;2017-06
WV;350.7;2017-06
WI;319.9;2017-06
WY;237.5;2017-06
AL;524.2;2017-07
AK;829;2017-07
AZ;508;2017-07
AR;554.9;2017-07
CA;449.3;2017-07
CO;368.1;2017-07
CT;228;2017-07
DE;453.4;2017-07
FL;408;2017-07
GA;357.2;2017-07
HI;250.6;2017-07
ID;226.4;2017-07
IL;438.8;2017-07
IN;399;2017-07
IA;293.4;2017-07
KS;413;2017-07
KY;225.8;2017-07
LA;557;2017-07
ME;121;2017-07
MD;500.2;2017-07
MA;358;2017-07
MI;450;2017-07
MN;238.3;2017-07
MS;285.7;2017-07
MO;530.3;2017-07
MT;377.1;2017-07
NE;305.9;2017-07
NV;555.9;2017-07
NH;198.7;2017-07
NJ;228.8;2017-07
NM;783.5;2017-07
NY;356.7;2017-07
NC;363.7;2017-07
ND;281.3;2017-07
OH;297.5;2017-07
OK;456.2;2017-07
OR;281.8;2017-07
PA;313.3;2017-07
RI;232.2;2017-07
SC;506.2;2017-07
SD;433.6;2017-07
TN;651.5;2017-07
TX;438.9;2017-07
UT;238.9;2017-07
VT;165.8;2017-07
VA;208.2;2017-07
WA;304.5;2017-07
WV;350.7;2017-07
WI;319.9;2017-07
WY;237.5;2017-07
AL;524.2;2017-08
AK;829;2017-08
AZ;508;2017-08
AR;554.9;2017-08
CA;449.3;2017-08
CO;368.1;2017-08
CT;228;2017-08
DE;453.4;2017-08
FL;408;2017-08
GA;357.2;2017-08
HI;250.6;2017-08
ID;226.4;2017-08
IL;438.8;2017-08
IN;399;2017-08
IA;293.4;2017-08
KS;413;2017-08
KY;225.8;2017-08
LA;557;2017-08
ME;121;2017-08
MD;500.2;2017-08
MA;358;2017-08
MI;450;2017-08
MN;238.3;2017-08
MS;285.7;2017-08
MO;530.3;2017-08
MT;377.1;2017-08
NE;305.9;2017-08
NV;555.9;2017-08
NH;198.7;2017-08
NJ;228.8;2017-08
NM;783.5;2017-08
NY;356.7;2017-08
NC;363.7;2017-08
ND;281.3;2017-08
OH;297.5;2017-08
OK;456.2;2017-08
OR;281.8;2017-08
PA;313.3;2017-08
RI;232.2;2017-08
SC;506.2;2017-08
SD;433.6;2017-08
TN;651.5;2017-08
TX;438.9;2017-08
UT;238.9;2017-08
VT;165.8;2017-08
VA;208.2;2017-08
WA;304.5;2017-08
WV;350.7;2017-08
WI;319.9;2017-08
WY;237.5;2017-08
AL;524.2;2017-09
AK;829;2017-09
AZ;508;2017-09
AR;554.9;2017-09
CA;449.3;2017-09
CO;368.1;2017-09
CT;228;2017-09
DE;453.4;2017-09
FL;408;2017-09
GA;357.2;2017-09
HI;250.6;2017-09
ID;226.4;2017-09
IL;438.8;2017-09
IN;399;2017-09
IA;293.4;2017-09
KS;413;2017-09
KY;225.8;2017-09
LA;557;2017-09
ME;121;2017-09
MD;500.2;2017-09
MA;358;2017-09
MI;450;2017-09
MN;238.3;2017-09
MS;285.7;2017-09
MO;530.3;2017-09
MT;377.1;2017-09
NE;305.9;2017-09
NV;555.9;2017-09
NH;198.7;2017-09
NJ;228.8;2017-09
NM;783.5;2017-09
NY;356.7;2017-09
NC;363.7;2017-09
ND;281.3;2017-09
OH;297.5;2017-09
OK;456.2;2017-09
OR;281.8;2017-09
PA;313.3;2017-09
RI;232.2;2017-09
SC;506.2;2017-09
SD;433.6;2017-09
TN;651.5;2017-09
TX;438.9;2017-09
UT;238.9;2017-09
VT;165.8;2017-09
VA;208.2;2017-09
WA;304.5;2017-09
WV;350.7;2017-09
WI;319.9;2017-09
WY;237.5;2017-09
AL;524.2;2017-10
AK;829;2017-10
AZ;508;2017-10
AR;554.9;2017-10
CA;449.3;2017-10
CO;368.1;2017-10
CT;228;2017-10
DE;453.4;2017-10
FL;408;2017-10
GA;357.2;2017-10
HI;250.6;2017-10
ID;226.4;2017-10
IL;438.8;2017-10
IN;399;2017-10
IA;293.4;2017-10
KS;413;2017-10
KY;225.8;2017-10
LA;557;2017-10
ME;121;2017-10
MD;500.2;2017-10
MA;358;2017-10
MI;450;2017-10
MN;238.3;2017-10
MS;285.7;2017-10
MO;530.3;2017-10
MT;377.1;2017-10
NE;305.9;2017-10
NV;555.9;2017-10
NH;198.7;2017-10
NJ;228.8;2017-10
NM;783.5;2017-10
NY;356.7;2017-10
NC;363.7;2017-10
ND;281.3;2017-10
OH;297.5;2017-10
OK;456.2;2017-10
OR;281.8;2017-10
PA;313.3;2017-10
RI;232.2;2017-10
SC;506.2;2017-10
SD;433.6;2017-10
TN;651.5;2017-10
TX;438.9;2017-10
UT;238.9;2017-10
VT;165.8;2017-10
VA;208.2;2017-10
WA;304.5;2017-10
WV;350.7;2017-10
WI;319.9;2017-10
WY;237.5;2017-10
AL;524.2;2017-11
AK;829;2017-11
AZ;508;2017-11
AR;554.9;2017-11
CA;449.3;2017-11
CO;368.1;2017-11
CT;228;2017-11
DE;453.4;2017-11
FL;408;2017-11
GA;357.2;2017-11
HI;250.6;2017-11
ID;226.4;2017-11
IL;438.8;2017-11
IN;399;2017-11
IA;293.4;2017-11
KS;413;2017-11
KY;225.8;2017-11
LA;557;2017-11
ME;121;2017-11
MD;500.2;2017-11
MA;358;2017-11
MI;450;2017-11
MN;238.3;2017-11
MS;285.7;2017-11
MO;530.3;2017-11
MT;377.1;2017-11
NE;305.9;2017-11
NV;555.9;2017-11
NH;198.7;2017-11
NJ;228.8;2017-11
NM;783.5;2017-11
NY;356.7;2017-11
NC;363.7;2017-11
ND;281.3;2017-11
OH;297.5;2017-11
OK;456.2;2017-11
OR;281.8;2017-11
PA;313.3;2017-11
RI;232.2;2017-11
SC;506.2;2017-11
SD;433.6;2017-11
TN;651.5;2017-11
TX;438.9;2017-11
UT;238.9;2017-11
VT;165.8;2017-11
VA;208.2;2017-11
WA;304.5;2017-11
WV;350.7;2017-11
WI;319.9;2017-11
WY;237.5;2017-11
AL;524.2;2017-12
AK;829;2017-12
AZ;508;2017-12
AR;554.9;2017-12
CA;449.3;2017-12
CO;368.1;2017-12
CT;228;2017-12
DE;453.4;2017-12
FL;408;2017-12
GA;357.2;2017-12
HI;250.6;2017-12
ID;226.4;2017-12
IL;438.8;2017-12
IN;399;2017-12
IA;293.4;2017-12
KS;413;2017-12
KY;225.8;2017-12
LA;557;2017-12
ME;121;2017-12
MD;500.2;2017-12
MA;358;2017-12
MI;450;2017-12
MN;238.3;2017-12
MS;285.7;2017-12
MO;530.3;2017-12
MT;377.1;2017-12
NE;305.9;2017-12
NV;555.9;2017-12
NH;198.7;2017-12
NJ;228.8;2017-12
NM;783.5;2017-12
NY;356.7;2017-12
NC;363.7;2017-12
ND;281.3;2017-12
OH;297.5;2017-12
OK;456.2;2017-12
OR;281.8;2017-12
PA;313.3;2017-12
RI;232.2;2017-12
SC;506.2;2017-12
SD;433.6;2017-12
TN;651.5;2017-12
TX;438.9;2017-12
UT;238.9;2017-12
VT;165.8;2017-12
VA;208.2;2017-12
WA;304.5;2017-12
WV;350.7;2017-12
WI;319.9;2017-12
WY;237.5;2017-12
AL;519.6;2018-01
AK;885;2018-01
AZ;474.9;2018-01
AR;543.6;2018-01
CA;447.4;2018-01
CO;397.2;2018-01
CT;207.4;2018-01
DE;423.6;2018-01
FL;384.9;2018-01
GA;326.6;2018-01
HI;248.6;2018-01
ID;227.1;2018-01
IL;404.1;2018-01
IN;382.3;2018-01
IA;250.1;2018-01
KS;439;2018-01
KY;211.9;2018-01
LA;537.5;2018-01
ME;112.1;2018-01
MD;468.7;2018-01
MA;338.1;2018-01
MI;449.4;2018-01
MN;220.4;2018-01
MS;234.4;2018-01
MO;502.1;2018-01
MT;374.1;2018-01
NE;284.8;2018-01
NV;541.1;2018-01
NH;173.2;2018-01
NJ;208.1;2018-01
NM;856.6;2018-01
NY;350.5;2018-01
NC;377.6;2018-01
ND;280.6;2018-01
OH;279.9;2018-01
OK;466.1;2018-01
OR;285.5;2018-01
PA;306;2018-01
RI;219.1;2018-01
SC;488.3;2018-01
SD;404.7;2018-01
TN;623.7;2018-01
TX;410.9;2018-01
UT;233.1;2018-01
VT;172;2018-01
VA;200;2018-01
WA;311.5;2018-01
WV;289.9;2018-01
WI;295.4;2018-01
WY;212.2;2018-01
AL;519.6;2018-02
AK;885;2018-02
AZ;474.9;2018-02
AR;543.6;2018-02
CA;447.4;2018-02
CO;397.2;2018-02
CT;207.4;2018-02
DE;423.6;2018-02
FL;384.9;2018-02
GA;326.6;2018-02
HI;248.6;2018-02
ID;227.1;2018-02
IL;404.1;2018-02
IN;382.3;2018-02
IA;250.1;2018-02
KS;439;2018-02
KY;211.9;2018-02
LA;537.5;2018-02
ME;112.1;2018-02
MD;468.7;2018-02
MA;338.1;2018-02
MI;449.4;2018-02
MN;220.4;2018-02
MS;234.4;2018-02
MO;502.1;2018-02
MT;374.1;2018-02
NE;284.8;2018-02
NV;541.1;2018-02
NH;173.2;2018-02
NJ;208.1;2018-02
NM;856.6;2018-02
NY;350.5;2018-02
NC;377.6;2018-02
ND;280.6;2018-02
OH;279.9;2018-02
OK;466.1;2018-02
OR;285.5;2018-02
PA;306;2018-02
RI;219.1;2018-02
SC;488.3;2018-02
SD;404.7;2018-02
TN;623.7;2018-02
TX;410.9;2018-02
UT;233.1;2018-02
VT;172;2018-02
VA;200;2018-02
WA;311.5;2018-02
WV;289.9;2018-02
WI;295.4;2018-02
WY;212.2;2018-02
AL;519.6;2018-03
AK;885;2018-03
AZ;474.9;2018-03
AR;543.6;2018-03
CA;447.4;2018-03
CO;397.2;2018-03
CT;207.4;2018-03
DE;423.6;2018-03
FL;384.9;2018-03
GA;326.6;2018-03
HI;248.6;2018-03
ID;227.1;2018-03
IL;404.1;2018-03
IN;382.3;2018-03
IA;250.1;2018-03
KS;439;2018-03
KY;211.9;2018-03
LA;537.5;2018-03
ME;112.1;2018-03
MD;468.7;2018-03
MA;338.1;2018-03
MI;449.4;2018-03
MN;220.4;2018-03
MS;234.4;2018-03
MO;502.1;2018-03
MT;374.1;2018-03
NE;284.8;2018-03
NV;541.1;2018-03
NH;173.2;2018-03
NJ;208.1;2018-03
NM;856.6;2018-03
NY;350.5;2018-03
NC;377.6;2018-03
ND;280.6;2018-03
OH;279.9;2018-03
OK;466.1;2018-03
OR;285.5;2018-03
PA;306;2018-03
RI;219.1;2018-03
SC;488.3;2018-03
SD;404.7;2018-03
TN;623.7;2018-03
TX;410.9;2018-03
UT;233.1;2018-03
VT;172;2018-03
VA;200;2018-03
WA;311.5;2018-03
WV;289.9;2018-03
WI;295.4;2018-03
WY;212.2;2018-03
AL;519.6;2018-04
AK;885;2018-04
AZ;474.9;2018-04
AR;543.6;2018-04
CA;447.4;2018-04
CO;397.2;2018-04
CT;207.4;2018-04
DE;423.6;2018-04
FL;384.9;2018-04
GA;326.6;2018-04
HI;248.6;2018-04
ID;227.1;2018-04
IL;404.1;2018-04
IN;382.3;2018-04
IA;250.1;2018-04
KS;439;2018-04
KY;211.9;2018-04
LA;537.5;2018-04
ME;112.1;2018-04
MD;468.7;2018-04
MA;338.1;2018-04
MI;449.4;2018-04
MN;220.4;2018-04
MS;234.4;2018-04
MO;502.1;2018-04
MT;374.1;2018-04
NE;284.8;2018-04
NV;541.1;2018-04
NH;173.2;2018-04
NJ;208.1;2018-04
NM;856.6;2018-04
NY;350.5;2018-04
NC;377.6;2018-04
ND;280.6;2018-04
OH;279.9;2018-04
OK;466.1;2018-04
OR;285.5;2018-04
PA;306;2018-04
RI;219.1;2018-04
SC;488.3;2018-04
SD;404.7;2018-04
TN;623.7;2018-04
TX;410.9;2018-04
UT;233.1;2018-04
VT;172;2018-04
VA;200;2018-04
WA;311.5;2018-04
WV;289.9;2018-04
WI;295.4;2018-04
WY;212.2;2018-04
AL;519.6;2018-05
AK;885;2018-05
AZ;474.9;2018-05
AR;543.6;2018-05
CA;447.4;2018-05
CO;397.2;2018-05
CT;207.4;2018-05
DE;423.6;2018-05
FL;384.9;2018-05
GA;326.6;2018-05
HI;248.6;2018-05
ID;227.1;2018-05
IL;404.1;2018-05
IN;382.3;2018-05
IA;250.1;2018-05
KS;439;2018-05
KY;211.9;2018-05
LA;537.5;2018-05
ME;112.1;2018-05
MD;468.7;2018-05
MA;338.1;2018-05
MI;449.4;2018-05
MN;220.4;2018-05
MS;234.4;2018-05
MO;502.1;2018-05
MT;374.1;2018-05
NE;284.8;2018-05
NV;541.1;2018-05
NH;173.2;2018-05
NJ;208.1;2018-05
NM;856.6;2018-05
NY;350.5;2018-05
NC;377.6;2018-05
ND;280.6;2018-05
OH;279.9;2018-05
OK;466.1;2018-05
OR;285.5;2018-05
PA;306;2018-05
RI;219.1;2018-05
SC;488.3;2018-05
SD;404.7;2018-05
TN;623.7;2018-05
TX;410.9;2018-05
UT;233.1;2018-05
VT;172;2018-05
VA;200;2018-05
WA;311.5;2018-05
WV;289.9;2018-05
WI;295.4;2018-05
WY;212.2;2018-05
AL;519.6;2018-06
AK;885;2018-06
AZ;474.9;2018-06
AR;543.6;2018-06
CA;447.4;2018-06
CO;397.2;2018-06
CT;207.4;2018-06
DE;423.6;2018-06
FL;384.9;2018-06
GA;326.6;2018-06
HI;248.6;2018-06
ID;227.1;2018-06
IL;404.1;2018-06
IN;382.3;2018-06
IA;250.1;2018-06
KS;439;2018-06
KY;211.9;2018-06
LA;537.5;2018-06
ME;112.1;2018-06
MD;468.7;2018-06
MA;338.1;2018-06
MI;449.4;2018-06
MN;220.4;2018-06
MS;234.4;2018-06
MO;502.1;2018-06
MT;374.1;2018-06
NE;284.8;2018-06
NV;541.1;2018-06
NH;173.2;2018-06
NJ;208.1;2018-06
NM;856.6;2018-06
NY;350.5;2018-06
NC;377.6;2018-06
ND;280.6;2018-06
OH;279.9;2018-06
OK;466.1;2018-06
OR;285.5;2018-06
PA;306;2018-06
RI;219.1;2018-06
SC;488.3;2018-06
SD;404.7;2018-06
TN;623.7;2018-06
TX;410.9;2018-06
UT;233.1;2018-06
VT;172;2018-06
VA;200;2018-06
WA;311.5;2018-06
WV;289.9;2018-06
WI;295.4;2018-06
WY;212.2;2018-06
AL;519.6;2018-07
AK;885;2018-07
AZ;474.9;2018-07
AR;543.6;2018-07
CA;447.4;2018-07
CO;397.2;2018-07
CT;207.4;2018-07
DE;423.6;2018-07
FL;384.9;2018-07
GA;326.6;2018-07
HI;248.6;2018-07
ID;227.1;2018-07
IL;404.1;2018-07
IN;382.3;2018-07
IA;250.1;2018-07
KS;439;2018-07
KY;211.9;2018-07
LA;537.5;2018-07
ME;112.1;2018-07
MD;468.7;2018-07
MA;338.1;2018-07
MI;449.4;2018-07
MN;220.4;2018-07
MS;234.4;2018-07
MO;502.1;2018-07
MT;374.1;2018-07
NE;284.8;2018-07
NV;541.1;2018-07
NH;173.2;2018-07
NJ;208.1;2018-07
NM;856.6;2018-07
NY;350.5;2018-07
NC;377.6;2018-07
ND;280.6;2018-07
OH;279.9;2018-07
OK;466.1;2018-07
OR;285.5;2018-07
PA;306;2018-07
RI;219.1;2018-07
SC;488.3;2018-07
SD;404.7;2018-07
TN;623.7;2018-07
TX;410.9;2018-07
UT;233.1;2018-07
VT;172;2018-07
VA;200;2018-07
WA;311.5;2018-07
WV;289.9;2018-07
WI;295.4;2018-07
WY;212.2;2018-07
AL;519.6;2018-08
AK;885;2018-08
AZ;474.9;2018-08
AR;543.6;2018-08
CA;447.4;2018-08
CO;397.2;2018-08
CT;207.4;2018-08
DE;423.6;2018-08
FL;384.9;2018-08
GA;326.6;2018-08
HI;248.6;2018-08
ID;227.1;2018-08
IL;404.1;2018-08
IN;382.3;2018-08
IA;250.1;2018-08
KS;439;2018-08
KY;211.9;2018-08
LA;537.5;2018-08
ME;112.1;2018-08
MD;468.7;2018-08
MA;338.1;2018-08
MI;449.4;2018-08
MN;220.4;2018-08
MS;234.4;2018-08
MO;502.1;2018-08
MT;374.1;2018-08
NE;284.8;2018-08
NV;541.1;2018-08
NH;173.2;2018-08
NJ;208.1;2018-08
NM;856.6;2018-08
NY;350.5;2018-08
NC;377.6;2018-08
ND;280.6;2018-08
OH;279.9;2018-08
OK;466.1;2018-08
OR;285.5;2018-08
PA;306;2018-08
RI;219.1;2018-08
SC;488.3;2018-08
SD;404.7;2018-08
TN;623.7;2018-08
TX;410.9;2018-08
UT;233.1;2018-08
VT;172;2018-08
VA;200;2018-08
WA;311.5;2018-08
WV;289.9;2018-08
WI;295.4;2018-08
WY;212.2;2018-08
AL;519.6;2018-09
AK;885;2018-09
AZ;474.9;2018-09
AR;543.6;2018-09
CA;447.4;2018-09
CO;397.2;2018-09
CT;207.4;2018-09
DE;423.6;2018-09
FL;384.9;2018-09
GA;326.6;2018-09
HI;248.6;2018-09
ID;227.1;2018-09
IL;404.1;2018-09
IN;382.3;2018-09
IA;250.1;2018-09
KS;439;2018-09
KY;211.9;2018-09
LA;537.5;2018-09
ME;112.1;2018-09
MD;468.7;2018-09
MA;338.1;2018-09
MI;449.4;2018-09
MN;220.4;2018-09
MS;234.4;2018-09
MO;502.1;2018-09
MT;374.1;2018-09
NE;284.8;2018-09
NV;541.1;2018-09
NH;173.2;2018-09
NJ;208.1;2018-09
NM;856.6;2018-09
NY;350.5;2018-09
NC;377.6;2018-09
ND;280.6;2018-09
OH;279.9;2018-09
OK;466.1;2018-09
OR;285.5;2018-09
PA;306;2018-09
RI;219.1;2018-09
SC;488.3;2018-09
SD;404.7;2018-09
TN;623.7;2018-09
TX;410.9;2018-09
UT;233.1;2018-09
VT;172;2018-09
VA;200;2018-09
WA;311.5;2018-09
WV;289.9;2018-09
WI;295.4;2018-09
WY;212.2;2018-09
AL;519.6;2018-10
AK;885;2018-10
AZ;474.9;2018-10
AR;543.6;2018-10
CA;447.4;2018-10
CO;397.2;2018-10
CT;207.4;2018-10
DE;423.6;2018-10
FL;384.9;2018-10
GA;326.6;2018-10
HI;248.6;2018-10
ID;227.1;2018-10
IL;404.1;2018-10
IN;382.3;2018-10
IA;250.1;2018-10
KS;439;2018-10
KY;211.9;2018-10
LA;537.5;2018-10
ME;112.1;2018-10
MD;468.7;2018-10
MA;338.1;2018-10
MI;449.4;2018-10
MN;220.4;2018-10
MS;234.4;2018-10
MO;502.1;2018-10
MT;374.1;2018-10
NE;284.8;2018-10
NV;541.1;2018-10
NH;173.2;2018-10
NJ;208.1;2018-10
NM;856.6;2018-10
NY;350.5;2018-10
NC;377.6;2018-10
ND;280.6;2018-10
OH;279.9;2018-10
OK;466.1;2018-10
OR;285.5;2018-10
PA;306;2018-10
RI;219.1;2018-10
SC;488.3;2018-10
SD;404.7;2018-10
TN;623.7;2018-10
TX;410.9;2018-10
UT;233.1;2018-10
VT;172;2018-10
VA;200;2018-10
WA;311.5;2018-10
WV;289.9;2018-10
WI;295.4;2018-10
WY;212.2;2018-10
AL;519.6;2018-11
AK;885;2018-11
AZ;474.9;2018-11
AR;543.6;2018-11
CA;447.4;2018-11
CO;397.2;2018-11
CT;207.4;2018-11
DE;423.6;2018-11
FL;384.9;2018-11
GA;326.6;2018-11
HI;248.6;2018-11
ID;227.1;2018-11
IL;404.1;2018-11
IN;382.3;2018-11
IA;250.1;2018-11
KS;439;2018-11
KY;211.9;2018-11
LA;537.5;2018-11
ME;112.1;2018-11
MD;468.7;2018-11
MA;338.1;2018-11
MI;449.4;2018-11
MN;220.4;2018-11
MS;234.4;2018-11
MO;502.1;2018-11
MT;374.1;2018-11
NE;284.8;2018-11
NV;541.1;2018-11
NH;173.2;2018-11
NJ;208.1;2018-11
NM;856.6;2018-11
NY;350.5;2018-11
NC;377.6;2018-11
ND;280.6;2018-11
OH;279.9;2018-11
OK;466.1;2018-11
OR;285.5;2018-11
PA;306;2018-11
RI;219.1;2018-11
SC;488.3;2018-11
SD;404.7;2018-11
TN;623.7;2018-11
TX;410.9;2018-11
UT;233.1;2018-11
VT;172;2018-11
VA;200;2018-11
WA;311.5;2018-11
WV;289.9;2018-11
WI;295.4;2018-11
WY;212.2;2018-11
AL;519.6;2018-12
AK;885;2018-12
AZ;474.9;2018-12
AR;543.6;2018-12
CA;447.4;2018-12
CO;397.2;2018-12
CT;207.4;2018-12
DE;423.6;2018-12
FL;384.9;2018-12
GA;326.6;2018-12
HI;248.6;2018-12
ID;227.1;2018-12
IL;404.1;2018-12
IN;382.3;2018-12
IA;250.1;2018-12
KS;439;2018-12
KY;211.9;2018-12
LA;537.5;2018-12
ME;112.1;2018-12
MD;468.7;2018-12
MA;338.1;2018-12
MI;449.4;2018-12
MN;220.4;2018-12
MS;234.4;2018-12
MO;502.1;2018-12
MT;374.1;2018-12
NE;284.8;2018-12
NV;541.1;2018-12
NH;173.2;2018-12
NJ;208.1;2018-12
NM;856.6;2018-12
NY;350.5;2018-12
NC;377.6;2018-12
ND;280.6;2018-12
OH;279.9;2018-12
OK;466.1;2018-12
OR;285.5;2018-12
PA;306;2018-12
RI;219.1;2018-12
SC;488.3;2018-12
SD;404.7;2018-12
TN;623.7;2018-12
TX;410.9;2018-12
UT;233.1;2018-12
VT;172;2018-12
VA;200;2018-12
WA;311.5;2018-12
WV;289.9;2018-12
WI;295.4;2018-12
WY;212.2;2018-12
AL;510.8;2020-01
AL;510.8;2020-02
AL;510.8;2020-03
AL;510.8;2020-04
AL;510.8;2020-05
AL;510.8;2020-06
AL;510.8;2020-07
AL;510.8;2020-08
AL;510.8;2020-09
AL;510.8;2020-10
AL;510.8;2020-11
AL;510.8;2020-12
AK;867.1;2020-01
AK;867.1;2020-02
AK;867.1;2020-03
AK;867.1;2020-04
AK;867.1;2020-05
AK;867.1;2020-06
AK;867.1;2020-07
AK;867.1;2020-08
AK;867.1;2020-09
AK;867.1;2020-10
AK;867.1;2020-11
AK;867.1;2020-12
AZ;455.3;2020-01
AZ;455.3;2020-02
AZ;455.3;2020-03
AZ;455.3;2020-04
AZ;455.3;2020-05
AZ;455.3;2020-06
AZ;455.3;2020-07
AZ;455.3;2020-08
AZ;455.3;2020-09
AZ;455.3;2020-10
AZ;455.3;2020-11
AZ;455.3;2020-12
AR;584.6;2020-01
AR;584.6;2020-02
AR;584.6;2020-03
AR;584.6;2020-04
AR;584.6;2020-05
AR;584.6;2020-06
AR;584.6;2020-07
AR;584.6;2020-08
AR;584.6;2020-09
AR;584.6;2020-10
AR;584.6;2020-11
AR;584.6;2020-12
CA;441.2;2020-01
CA;441.2;2020-02
CA;441.2;2020-03
CA;441.2;2020-04
CA;441.2;2020-05
CA;441.2;2020-06
CA;441.2;2020-07
CA;441.2;2020-08
CA;441.2;2020-09
CA;441.2;2020-10
CA;441.2;2020-11
CA;441.2;2020-12
CO;381;2020-01
CO;381;2020-02
CO;381;2020-03
CO;381;2020-04
CO;381;2020-05
CO;381;2020-06
CO;381;2020-07
CO;381;2020-08
CO;381;2020-09
CO;381;2020-10
CO;381;2020-11
CO;381;2020-12
CT;183.6;2020-01
CT;183.6;2020-02
CT;183.6;2020-03
CT;183.6;2020-04
CT;183.6;2020-05
CT;183.6;2020-06
CT;183.6;2020-07
CT;183.6;2020-08
CT;183.6;2020-09
CT;183.6;2020-10
CT;183.6;2020-11
CT;183.6;2020-12
DE;422.6;2020-01
DE;422.6;2020-02
DE;422.6;2020-03
DE;422.6;2020-04
DE;422.6;2020-05
DE;422.6;2020-06
DE;422.6;2020-07
DE;422.6;2020-08
DE;422.6;2020-09
DE;422.6;2020-10
DE;422.6;2020-11
DE;422.6;2020-12
FL;378.4;2020-01
FL;378.4;2020-02
FL;378.4;2020-03
FL;378.4;2020-04
FL;378.4;2020-05
FL;378.4;2020-06
FL;378.4;2020-07
FL;378.4;2020-08
FL;378.4;2020-09
FL;378.4;2020-10
FL;378.4;2020-11
FL;378.4;2020-12
GA;340.7;2020-01
GA;340.7;2020-02
GA;340.7;2020-03
GA;340.7;2020-04
GA;340.7;2020-05
GA;340.7;2020-06
GA;340.7;2020-07
GA;340.7;2020-08
GA;340.7;2020-09
GA;340.7;2020-10
GA;340.7;2020-11
GA;340.7;2020-12
HI;285.5;2020-01
HI;285.5;2020-02
HI;285.5;2020-03
HI;285.5;2020-04
HI;285.5;2020-05
HI;285.5;2020-06
HI;285.5;2020-07
HI;285.5;2020-08
HI;285.5;2020-09
HI;285.5;2020-10
HI;285.5;2020-11
HI;285.5;2020-12
ID;223.8;2020-01
ID;223.8;2020-02
ID;223.8;2020-03
ID;223.8;2020-04
ID;223.8;2020-05
ID;223.8;2020-06
ID;223.8;2020-07
ID;223.8;2020-08
ID;223.8;2020-09
ID;223.8;2020-10
ID;223.8;2020-11
ID;223.8;2020-12
IL;406.9;2020-01
IL;406.9;2020-02
IL;406.9;2020-03
IL;406.9;2020-04
IL;406.9;2020-05
IL;406.9;2020-06
IL;406.9;2020-07
IL;406.9;2020-08
IL;406.9;2020-09
IL;406.9;2020-10
IL;406.9;2020-11
IL;406.9;2020-12
IN;370.8;2020-01
IN;370.8;2020-02
IN;370.8;2020-03
IN;370.8;2020-04
IN;370.8;2020-05
IN;370.8;2020-06
IN;370.8;2020-07
IN;370.8;2020-08
IN;370.8;2020-09
IN;370.8;2020-10
IN;370.8;2020-11
IN;370.8;2020-12
IA;266.6;2020-01
IA;266.6;2020-02
IA;266.6;2020-03
IA;266.6;2020-04
IA;266.6;2020-05
IA;266.6;2020-06
IA;266.6;2020-07
IA;266.6;2020-08
IA;266.6;2020-09
IA;266.6;2020-10
IA;266.6;2020-11
IA;266.6;2020-12
KS;410.8;2020-01
KS;410.8;2020-02
KS;410.8;2020-03
KS;410.8;2020-04
KS;410.8;2020-05
KS;410.8;2020-06
KS;410.8;2020-07
KS;410.8;2020-08
KS;410.8;2020-09
KS;410.8;2020-10
KS;410.8;2020-11
KS;410.8;2020-12
KY;217.1;2020-01
KY;217.1;2020-02
KY;217.1;2020-03
KY;217.1;2020-04
KY;217.1;2020-05
KY;217.1;2020-06
KY;217.1;2020-07
KY;217.1;2020-08
KY;217.1;2020-09
KY;217.1;2020-10
KY;217.1;2020-11
KY;217.1;2020-12
LA;549.3;2020-01
LA;549.3;2020-02
LA;549.3;2020-03
LA;549.3;2020-04
LA;549.3;2020-05
LA;549.3;2020-06
LA;549.3;2020-07
LA;549.3;2020-08
LA;549.3;2020-09
LA;549.3;2020-10
LA;549.3;2020-11
LA;549.3;2020-12
ME;115.2;2020-01
ME;115.2;2020-02
ME;115.2;2020-03
ME;115.2;2020-04
ME;115.2;2020-05
ME;115.2;2020-06
ME;115.2;2020-07
ME;115.2;2020-08
ME;115.2;2020-09
ME;115.2;2020-10
ME;115.2;2020-11
ME;115.2;2020-12
MD;454.1;2020-01
MD;454.1;2020-02
MD;454.1;2020-03
MD;454.1;2020-04
MD;454.1;2020-05
MD;454.1;2020-06
MD;454.1;2020-07
MD;454.1;2020-08
MD;454.1;2020-09
MD;454.1;2020-10
MD;454.1;2020-11
MD;454.1;2020-12
MA;327.6;2020-01
MA;327.6;2020-02
MA;327.6;2020-03
MA;327.6;2020-04
MA;327.6;2020-05
MA;327.6;2020-06
MA;327.6;2020-07
MA;327.6;2020-08
MA;327.6;2020-09
MA;327.6;2020-10
MA;327.6;2020-11
MA;327.6;2020-12
MI;437.4;2020-01
MI;437.4;2020-02
MI;437.4;2020-03
MI;437.4;2020-04
MI;437.4;2020-05
MI;437.4;2020-06
MI;437.4;2020-07
MI;437.4;2020-08
MI;437.4;2020-09
MI;437.4;2020-10
MI;437.4;2020-11
MI;437.4;2020-12
MN;236.4;2020-01
MN;236.4;2020-02
MN;236.4;2020-03
MN;236.4;2020-04
MN;236.4;2020-05
MN;236.4;2020-06
MN;236.4;2020-07
MN;236.4;2020-08
MN;236.4;2020-09
MN;236.4;2020-10
MN;236.4;2020-11
MN;236.4;2020-12
MS;277.9;2020-01
MS;277.9;2020-02
MS;277.9;2020-03
MS;277.9;2020-04
MS;277.9;2020-05
MS;277.9;2020-06
MS;277.9;2020-07
MS;277.9;2020-08
MS;277.9;2020-09
MS;277.9;2020-10
MS;277.9;2020-11
MS;277.9;2020-12
MO;495;2020-01
MO;495;2020-02
MO;495;2020-03
MO;495;2020-04
MO;495;2020-05
MO;495;2020-06
MO;495;2020-07
MO;495;2020-08
MO;495;2020-09
MO;495;2020-10
MO;495;2020-11
MO;495;2020-12
MT;404.9;2020-01
MT;404.9;2020-02
MT;404.9;2020-03
MT;404.9;2020-04
MT;404.9;2020-05
MT;404.9;2020-06
MT;404.9;2020-07
MT;404.9;2020-08
MT;404.9;2020-09
MT;404.9;2020-10
MT;404.9;2020-11
MT;404.9;2020-12
NE;300.9;2020-01
NE;300.9;2020-02
NE;300.9;2020-03
NE;300.9;2020-04
NE;300.9;2020-05
NE;300.9;2020-06
NE;300.9;2020-07
NE;300.9;2020-08
NE;300.9;2020-09
NE;300.9;2020-10
NE;300.9;2020-11
NE;300.9;2020-12
NV;493.8;2020-01
NV;493.8;2020-02
NV;493.8;2020-03
NV;493.8;2020-04
NV;493.8;2020-05
NV;493.8;2020-06
NV;493.8;2020-07
NV;493.8;2020-08
NV;493.8;2020-09
NV;493.8;2020-10
NV;493.8;2020-11
NV;493.8;2020-12
NH;152.5;2020-01
NH;152.5;2020-02
NH;152.5;2020-03
NH;152.5;2020-04
NH;152.5;2020-05
NH;152.5;2020-06
NH;152.5;2020-07
NH;152.5;2020-08
NH;152.5;2020-09
NH;152.5;2020-10
NH;152.5;2020-11
NH;152.5;2020-12
NJ;206.9;2020-01
NJ;206.9;2020-02
NJ;206.9;2020-03
NJ;206.9;2020-04
NJ;206.9;2020-05
NJ;206.9;2020-06
NJ;206.9;2020-07
NJ;206.9;2020-08
NJ;206.9;2020-09
NJ;206.9;2020-10
NJ;206.9;2020-11
NJ;206.9;2020-12
NM;832.2;2020-01
NM;832.2;2020-02
NM;832.2;2020-03
NM;832.2;2020-04
NM;832.2;2020-05
NM;832.2;2020-06
NM;832.2;2020-07
NM;832.2;2020-08
NM;832.2;2020-09
NM;832.2;2020-10
NM;832.2;2020-11
NM;832.2;2020-12
NY;358.6;2020-01
NY;358.6;2020-02
NY;358.6;2020-03
NY;358.6;2020-04
NY;358.6;2020-05
NY;358.6;2020-06
NY;358.6;2020-07
NY;358.6;2020-08
NY;358.6;2020-09
NY;358.6;2020-10
NY;358.6;2020-11
NY;358.6;2020-12
NC;371.8;2020-01
NC;371.8;2020-02
NC;371.8;2020-03
NC;371.8;2020-04
NC;371.8;2020-05
NC;371.8;2020-06
NC;371.8;2020-07
NC;371.8;2020-08
NC;371.8;2020-09
NC;371.8;2020-10
NC;371.8;2020-11
NC;371.8;2020-12
ND;284.6;2020-01
ND;284.6;2020-02
ND;284.6;2020-03
ND;284.6;2020-04
ND;284.6;2020-05
ND;284.6;2020-06
ND;284.6;2020-07
ND;284.6;2020-08
ND;284.6;2020-09
ND;284.6;2020-10
ND;284.6;2020-11
ND;284.6;2020-12
OH;293.2;2020-01
OH;293.2;2020-02
OH;293.2;2020-03
OH;293.2;2020-04
OH;293.2;2020-05
OH;293.2;2020-06
OH;293.2;2020-07
OH;293.2;2020-08
OH;293.2;2020-09
OH;293.2;2020-10
OH;293.2;2020-11
OH;293.2;2020-12
OK;431.8;2020-01
OK;431.8;2020-02
OK;431.8;2020-03
OK;431.8;2020-04
OK;431.8;2020-05
OK;431.8;2020-06
OK;431.8;2020-07
OK;431.8;2020-08
OK;431.8;2020-09
OK;431.8;2020-10
OK;431.8;2020-11
OK;431.8;2020-12
OR;284.4;2020-01
OR;284.4;2020-02
OR;284.4;2020-03
OR;284.4;2020-04
OR;284.4;2020-05
OR;284.4;2020-06
OR;284.4;2020-07
OR;284.4;2020-08
OR;284.4;2020-09
OR;284.4;2020-10
OR;284.4;2020-11
OR;284.4;2020-12
PA;306.4;2020-01
PA;306.4;2020-02
PA;306.4;2020-03
PA;306.4;2020-04
PA;306.4;2020-05
PA;306.4;2020-06
PA;306.4;2020-07
PA;306.4;2020-08
PA;306.4;2020-09
PA;306.4;2020-10
PA;306.4;2020-11
PA;306.4;2020-12
RI;221.1;2020-01
RI;221.1;2020-02
RI;221.1;2020-03
RI;221.1;2020-04
RI;221.1;2020-05
RI;221.1;2020-06
RI;221.1;2020-07
RI;221.1;2020-08
RI;221.1;2020-09
RI;221.1;2020-10
RI;221.1;2020-11
RI;221.1;2020-12
SC;511.3;2020-01
SC;511.3;2020-02
SC;511.3;2020-03
SC;511.3;2020-04
SC;511.3;2020-05
SC;511.3;2020-06
SC;511.3;2020-07
SC;511.3;2020-08
SC;511.3;2020-09
SC;511.3;2020-10
SC;511.3;2020-11
SC;511.3;2020-12
SD;399;2020-01
SD;399;2020-02
SD;399;2020-03
SD;399;2020-04
SD;399;2020-05
SD;399;2020-06
SD;399;2020-07
SD;399;2020-08
SD;399;2020-09
SD;399;2020-10
SD;399;2020-11
SD;399;2020-12
TN;595.2;2020-01
TN;595.2;2020-02
TN;595.2;2020-03
TN;595.2;2020-04
TN;595.2;2020-05
TN;595.2;2020-06
TN;595.2;2020-07
TN;595.2;2020-08
TN;595.2;2020-09
TN;595.2;2020-10
TN;595.2;2020-11
TN;595.2;2020-12
TX;418.9;2020-01
TX;418.9;2020-02
TX;418.9;2020-03
TX;418.9;2020-04
TX;418.9;2020-05
TX;418.9;2020-06
TX;418.9;2020-07
TX;418.9;2020-08
TX;418.9;2020-09
TX;418.9;2020-10
TX;418.9;2020-11
TX;418.9;2020-12
UT;235.6;2020-01
UT;235.6;2020-02
UT;235.6;2020-03
UT;235.6;2020-04
UT;235.6;2020-05
UT;235.6;2020-06
UT;235.6;2020-07
UT;235.6;2020-08
UT;235.6;2020-09
UT;235.6;2020-10
UT;235.6;2020-11
UT;235.6;2020-12
VT;202.2;2020-01
VT;202.2;2020-02
VT;202.2;2020-03
VT;202.2;2020-04
VT;202.2;2020-05
VT;202.2;2020-06
VT;202.2;2020-07
VT;202.2;2020-08
VT;202.2;2020-09
VT;202.2;2020-10
VT;202.2;2020-11
VT;202.2;2020-12
VA;208;2020-01
VA;208;2020-02
VA;208;2020-03
VA;208;2020-04
VA;208;2020-05
VA;208;2020-06
VA;208;2020-07
VA;208;2020-08
VA;208;2020-09
VA;208;2020-10
VA;208;2020-11
VA;208;2020-12
WA;293.9;2020-01
WA;293.9;2020-02
WA;293.9;2020-03
WA;293.9;2020-04
WA;293.9;2020-05
WA;293.9;2020-06
WA;293.9;2020-07
WA;293.9;2020-08
WA;293.9;2020-09
WA;293.9;2020-10
WA;293.9;2020-11
WA;293.9;2020-12
WV;316.6;2020-01
WV;316.6;2020-02
WV;316.6;2020-03
WV;316.6;2020-04
WV;316.6;2020-05
WV;316.6;2020-06
WV;316.6;2020-07
WV;316.6;2020-08
WV;316.6;2020-09
WV;316.6;2020-10
WV;316.6;2020-11
WV;316.6;2020-12
WI;293.2;2020-01
WI;293.2;2020-02
WI;293.2;2020-03
WI;293.2;2020-04
WI;293.2;2020-05
WI;293.2;2020-06
WI;293.2;2020-07
WI;293.2;2020-08
WI;293.2;2020-09
WI;293.2;2020-10
WI;293.2;2020-11
WI;293.2;2020-12
WY;217.4;2020-01
WY;217.4;2020-02
WY;217.4;2020-03
WY;217.4;2020-04
WY;217.4;2020-05
WY;217.4;2020-06
WY;217.4;2020-07
WY;217.4;2020-08
WY;217.4;2020-09
WY;217.4;2020-10
WY;217.4;2020-11
WY;217.4;2020-12
AL;510.8;2019-01
AL;510.8;2019-02
AL;510.8;2019-03
AL;510.8;2019-04
AL;510.8;2019-05
AL;510.8;2019-06
AL;510.8;2019-07
AL;510.8;2019-08
AL;510.8;2019-09
AL;510.8;2019-10
AL;510.8;2019-11
AL;510.8;2019-12
AK;867.1;2019-01
AK;867.1;2019-02
AK;867.1;2019-03
AK;867.1;2019-04
AK;867.1;2019-05
AK;867.1;2019-06
AK;867.1;2019-07
AK;867.1;2019-08
AK;867.1;2019-09
AK;867.1;2019-10
AK;867.1;2019-11
AK;867.1;2019-12
AZ;455.3;2019-01
AZ;455.3;2019-02
AZ;455.3;2019-03
AZ;455.3;2019-04
AZ;455.3;2019-05
AZ;455.3;2019-06
AZ;455.3;2019-07
AZ;455.3;2019-08
AZ;455.3;2019-09
AZ;455.3;2019-10
AZ;455.3;2019-11
AZ;455.3;2019-12
AR;584.6;2019-01
AR;584.6;2019-02
AR;584.6;2019-03
AR;584.6;2019-04
AR;584.6;2019-05
AR;584.6;2019-06
AR;584.6;2019-07
AR;584.6;2019-08
AR;584.6;2019-09
AR;584.6;2019-10
AR;584.6;2019-11
AR;584.6;2019-12
CA;441.2;2019-01
CA;441.2;2019-02
CA;441.2;2019-03
CA;441.2;2019-04
CA;441.2;2019-05
CA;441.2;2019-06
CA;441.2;2019-07
CA;441.2;2019-08
CA;441.2;2019-09
CA;441.2;2019-10
CA;441.2;2019-11
CA;441.2;2019-12
CO;381;2019-01
CO;381;2019-02
CO;381;2019-03
CO;381;2019-04
CO;381;2019-05
CO;381;2019-06
CO;381;2019-07
CO;381;2019-08
CO;381;2019-09
CO;381;2019-10
CO;381;2019-11
CO;381;2019-12
CT;183.6;2019-01
CT;183.6;2019-02
CT;183.6;2019-03
CT;183.6;2019-04
CT;183.6;2019-05
CT;183.6;2019-06
CT;183.6;2019-07
CT;183.6;2019-08
CT;183.6;2019-09
CT;183.6;2019-10
CT;183.6;2019-11
CT;183.6;2019-12
DE;422.6;2019-01
DE;422.6;2019-02
DE;422.6;2019-03
DE;422.6;2019-04
DE;422.6;2019-05
DE;422.6;2019-06
DE;422.6;2019-07
DE;422.6;2019-08
DE;422.6;2019-09
DE;422.6;2019-10
DE;422.6;2019-11
DE;422.6;2019-12
FL;378.4;2019-01
FL;378.4;2019-02
FL;378.4;2019-03
FL;378.4;2019-04
FL;378.4;2019-05
FL;378.4;2019-06
FL;378.4;2019-07
FL;378.4;2019-08
FL;378.4;2019-09
FL;378.4;2019-10
FL;378.4;2019-11
FL;378.4;2019-12
GA;340.7;2019-01
GA;340.7;2019-02
GA;340.7;2019-03
GA;340.7;2019-04
GA;340.7;2019-05
GA;340.7;2019-06
GA;340.7;2019-07
GA;340.7;2019-08
GA;340.7;2019-09
GA;340.7;2019-10
GA;340.7;2019-11
GA;340.7;2019-12
HI;285.5;2019-01
HI;285.5;2019-02
HI;285.5;2019-03
HI;285.5;2019-04
HI;285.5;2019-05
HI;285.5;2019-06
HI;285.5;2019-07
HI;285.5;2019-08
HI;285.5;2019-09
HI;285.5;2019-10
HI;285.5;2019-11
HI;285.5;2019-12
ID;223.8;2019-01
ID;223.8;2019-02
ID;223.8;2019-03
ID;223.8;2019-04
ID;223.8;2019-05
ID;223.8;2019-06
ID;223.8;2019-07
ID;223.8;2019-08
ID;223.8;2019-09
ID;223.8;2019-10
ID;223.8;2019-11
ID;223.8;2019-12
IL;406.9;2019-01
IL;406.9;2019-02
IL;406.9;2019-03
IL;406.9;2019-04
IL;406.9;2019-05
IL;406.9;2019-06
IL;406.9;2019-07
IL;406.9;2019-08
IL;406.9;2019-09
IL;406.9;2019-10
IL;406.9;2019-11
IL;406.9;2019-12
IN;370.8;2019-01
IN;370.8;2019-02
IN;370.8;2019-03
IN;370.8;2019-04
IN;370.8;2019-05
IN;370.8;2019-06
IN;370.8;2019-07
IN;370.8;2019-08
IN;370.8;2019-09
IN;370.8;2019-10
IN;370.8;2019-11
IN;370.8;2019-12
IA;266.6;2019-01
IA;266.6;2019-02
IA;266.6;2019-03
IA;266.6;2019-04
IA;266.6;2019-05
IA;266.6;2019-06
IA;266.6;2019-07
IA;266.6;2019-08
IA;266.6;2019-09
IA;266.6;2019-10
IA;266.6;2019-11
IA;266.6;2019-12
KS;410.8;2019-01
KS;410.8;2019-02
KS;410.8;2019-03
KS;410.8;2019-04
KS;410.8;2019-05
KS;410.8;2019-06
KS;410.8;2019-07
KS;410.8;2019-08
KS;410.8;2019-09
KS;410.8;2019-10
KS;410.8;2019-11
KS;410.8;2019-12
KY;217.1;2019-01
KY;217.1;2019-02
KY;217.1;2019-03
KY;217.1;2019-04
KY;217.1;2019-05
KY;217.1;2019-06
KY;217.1;2019-07
KY;217.1;2019-08
KY;217.1;2019-09
KY;217.1;2019-10
KY;217.1;2019-11
KY;217.1;2019-12
LA;549.3;2019-01
LA;549.3;2019-02
LA;549.3;2019-03
LA;549.3;2019-04
LA;549.3;2019-05
LA;549.3;2019-06
LA;549.3;2019-07
LA;549.3;2019-08
LA;549.3;2019-09
LA;549.3;2019-10
LA;549.3;2019-11
LA;549.3;2019-12
ME;115.2;2019-01
ME;115.2;2019-02
ME;115.2;2019-03
ME;115.2;2019-04
ME;115.2;2019-05
ME;115.2;2019-06
ME;115.2;2019-07
ME;115.2;2019-08
ME;115.2;2019-09
ME;115.2;2019-10
ME;115.2;2019-11
ME;115.2;2019-12
MD;454.1;2019-01
MD;454.1;2019-02
MD;454.1;2019-03
MD;454.1;2019-04
MD;454.1;2019-05
MD;454.1;2019-06
MD;454.1;2019-07
MD;454.1;2019-08
MD;454.1;2019-09
MD;454.1;2019-10
MD;454.1;2019-11
MD;454.1;2019-12
MA;327.6;2019-01
MA;327.6;2019-02
MA;327.6;2019-03
MA;327.6;2019-04
MA;327.6;2019-05
MA;327.6;2019-06
MA;327.6;2019-07
MA;327.6;2019-08
MA;327.6;2019-09
MA;327.6;2019-10
MA;327.6;2019-11
MA;327.6;2019-12
MI;437.4;2019-01
MI;437.4;2019-02
MI;437.4;2019-03
MI;437.4;2019-04
MI;437.4;2019-05
MI;437.4;2019-06
MI;437.4;2019-07
MI;437.4;2019-08
MI;437.4;2019-09
MI;437.4;2019-10
MI;437.4;2019-11
MI;437.4;2019-12
MN;236.4;2019-01
MN;236.4;2019-02
MN;236.4;2019-03
MN;236.4;2019-04
MN;236.4;2019-05
MN;236.4;2019-06
MN;236.4;2019-07
MN;236.4;2019-08
MN;236.4;2019-09
MN;236.4;2019-10
MN;236.4;2019-11
MN;236.4;2019-12
MS;277.9;2019-01
MS;277.9;2019-02
MS;277.9;2019-03
MS;277.9;2019-04
MS;277.9;2019-05
MS;277.9;2019-06
MS;277.9;2019-07
MS;277.9;2019-08
MS;277.9;2019-09
MS;277.9;2019-10
MS;277.9;2019-11
MS;277.9;2019-12
MO;495;2019-01
MO;495;2019-02
MO;495;2019-03
MO;495;2019-04
MO;495;2019-05
MO;495;2019-06
MO;495;2019-07
MO;495;2019-08
MO;495;2019-09
MO;495;2019-10
MO;495;2019-11
MO;495;2019-12
MT;404.9;2019-01
MT;404.9;2019-02
MT;404.9;2019-03
MT;404.9;2019-04
MT;404.9;2019-05
MT;404.9;2019-06
MT;404.9;2019-07
MT;404.9;2019-08
MT;404.9;2019-09
MT;404.9;2019-10
MT;404.9;2019-11
MT;404.9;2019-12
NE;300.9;2019-01
NE;300.9;2019-02
NE;300.9;2019-03
NE;300.9;2019-04
NE;300.9;2019-05
NE;300.9;2019-06
NE;300.9;2019-07
NE;300.9;2019-08
NE;300.9;2019-09
NE;300.9;2019-10
NE;300.9;2019-11
NE;300.9;2019-12
NV;493.8;2019-01
NV;493.8;2019-02
NV;493.8;2019-03
NV;493.8;2019-04
NV;493.8;2019-05
NV;493.8;2019-06
NV;493.8;2019-07
NV;493.8;2019-08
NV;493.8;2019-09
NV;493.8;2019-10
NV;493.8;2019-11
NV;493.8;2019-12
NH;152.5;2019-01
NH;152.5;2019-02
NH;152.5;2019-03
NH;152.5;2019-04
NH;152.5;2019-05
NH;152.5;2019-06
NH;152.5;2019-07
NH;152.5;2019-08
NH;152.5;2019-09
NH;152.5;2019-10
NH;152.5;2019-11
NH;152.5;2019-12
NJ;206.9;2019-01
NJ;206.9;2019-02
NJ;206.9;2019-03
NJ;206.9;2019-04
NJ;206.9;2019-05
NJ;206.9;2019-06
NJ;206.9;2019-07
NJ;206.9;2019-08
NJ;206.9;2019-09
NJ;206.9;2019-10
NJ;206.9;2019-11
NJ;206.9;2019-12
NM;832.2;2019-01
NM;832.2;2019-02
NM;832.2;2019-03
NM;832.2;2019-04
NM;832.2;2019-05
NM;832.2;2019-06
NM;832.2;2019-07
NM;832.2;2019-08
NM;832.2;2019-09
NM;832.2;2019-10
NM;832.2;2019-11
NM;832.2;2019-12
NY;358.6;2019-01
NY;358.6;2019-02
NY;358.6;2019-03
NY;358.6;2019-04
NY;358.6;2019-05
NY;358.6;2019-06
NY;358.6;2019-07
NY;358.6;2019-08
NY;358.6;2019-09
NY;358.6;2019-10
NY;358.6;2019-11
NY;358.6;2019-12
NC;371.8;2019-01
NC;371.8;2019-02
NC;371.8;2019-03
NC;371.8;2019-04
NC;371.8;2019-05
NC;371.8;2019-06
NC;371.8;2019-07
NC;371.8;2019-08
NC;371.8;2019-09
NC;371.8;2019-10
NC;371.8;2019-11
NC;371.8;2019-12
ND;284.6;2019-01
ND;284.6;2019-02
ND;284.6;2019-03
ND;284.6;2019-04
ND;284.6;2019-05
ND;284.6;2019-06
ND;284.6;2019-07
ND;284.6;2019-08
ND;284.6;2019-09
ND;284.6;2019-10
ND;284.6;2019-11
ND;284.6;2019-12
OH;293.2;2019-01
OH;293.2;2019-02
OH;293.2;2019-03
OH;293.2;2019-04
OH;293.2;2019-05
OH;293.2;2019-06
OH;293.2;2019-07
OH;293.2;2019-08
OH;293.2;2019-09
OH;293.2;2019-10
OH;293.2;2019-11
OH;293.2;2019-12
OK;431.8;2019-01
OK;431.8;2019-02
OK;431.8;2019-03
OK;431.8;2019-04
OK;431.8;2019-05
OK;431.8;2019-06
OK;431.8;2019-07
OK;431.8;2019-08
OK;431.8;2019-09
OK;431.8;2019-10
OK;431.8;2019-11
OK;431.8;2019-12
OR;284.4;2019-01
OR;284.4;2019-02
OR;284.4;2019-03
OR;284.4;2019-04
OR;284.4;2019-05
OR;284.4;2019-06
OR;284.4;2019-07
OR;284.4;2019-08
OR;284.4;2019-09
OR;284.4;2019-10
OR;284.4;2019-11
OR;284.4;2019-12
PA;306.4;2019-01
PA;306.4;2019-02
PA;306.4;2019-03
PA;306.4;2019-04
PA;306.4;2019-05
PA;306.4;2019-06
PA;306.4;2019-07
PA;306.4;2019-08
PA;306.4;2019-09
PA;306.4;2019-10
PA;306.4;2019-11
PA;306.4;2019-12
RI;221.1;2019-01
RI;221.1;2019-02
RI;221.1;2019-03
RI;221.1;2019-04
RI;221.1;2019-05
RI;221.1;2019-06
RI;221.1;2019-07
RI;221.1;2019-08
RI;221.1;2019-09
RI;221.1;2019-10
RI;221.1;2019-11
RI;221.1;2019-12
SC;511.3;2019-01
SC;511.3;2019-02
SC;511.3;2019-03
SC;511.3;2019-04
SC;511.3;2019-05
SC;511.3;2019-06
SC;511.3;2019-07
SC;511.3;2019-08
SC;511.3;2019-09
SC;511.3;2019-10
SC;511.3;2019-11
SC;511.3;2019-12
SD;399;2019-01
SD;399;2019-02
SD;399;2019-03
SD;399;2019-04
SD;399;2019-05
SD;399;2019-06
SD;399;2019-07
SD;399;2019-08
SD;399;2019-09
SD;399;2019-10
SD;399;2019-11
SD;399;2019-12
TN;595.2;2019-01
TN;595.2;2019-02
TN;595.2;2019-03
TN;595.2;2019-04
TN;595.2;2019-05
TN;595.2;2019-06
TN;595.2;2019-07
TN;595.2;2019-08
TN;595.2;2019-09
TN;595.2;2019-10
TN;595.2;2019-11
TN;595.2;2019-12
TX;418.9;2019-01
TX;418.9;2019-02
TX;418.9;2019-03
TX;418.9;2019-04
TX;418.9;2019-05
TX;418.9;2019-06
TX;418.9;2019-07
TX;418.9;2019-08
TX;418.9;2019-09
TX;418.9;2019-10
TX;418.9;2019-11
TX;418.9;2019-12
UT;235.6;2019-01
UT;235.6;2019-02
UT;235.6;2019-03
UT;235.6;2019-04
UT;235.6;2019-05
UT;235.6;2019-06
UT;235.6;2019-07
UT;235.6;2019-08
UT;235.6;2019-09
UT;235.6;2019-10
UT;235.6;2019-11
UT;235.6;2019-12
VT;202.2;2019-01
VT;202.2;2019-02
VT;202.2;2019-03
VT;202.2;2019-04
VT;202.2;2019-05
VT;202.2;2019-06
VT;202.2;2019-07
VT;202.2;2019-08
VT;202.2;2019-09
VT;202.2;2019-10
VT;202.2;2019-11
VT;202.2;2019-12
VA;208;2019-01
VA;208;2019-02
VA;208;2019-03
VA;208;2019-04
VA;208;2019-05
VA;208;2019-06
VA;208;2019-07
VA;208;2019-08
VA;208;2019-09
VA;208;2019-10
VA;208;2019-11
VA;208;2019-12
WA;293.9;2019-01
WA;293.9;2019-02
WA;293.9;2019-03
WA;293.9;2019-04
WA;293.9;2019-05
WA;293.9;2019-06
WA;293.9;2019-07
WA;293.9;2019-08
WA;293.9;2019-09
WA;293.9;2019-10
WA;293.9;2019-11
WA;293.9;2019-12
WV;316.6;2019-01
WV;316.6;2019-02
WV;316.6;2019-03
WV;316.6;2019-04
WV;316.6;2019-05
WV;316.6;2019-06
WV;316.6;2019-07
WV;316.6;2019-08
WV;316.6;2019-09
WV;316.6;2019-10
WV;316.6;2019-11
WV;316.6;2019-12
WI;293.2;2019-01
WI;293.2;2019-02
WI;293.2;2019-03
WI;293.2;2019-04
WI;293.2;2019-05
WI;293.2;2019-06
WI;293.2;2019-07
WI;293.2;2019-08
WI;293.2;2019-09
WI;293.2;2019-10
WI;293.2;2019-11
WI;293.2;2019-12
WY;217.4;2019-01
WY;217.4;2019-02
WY;217.4;2019-03
WY;217.4;2019-04
WY;217.4;2019-05
WY;217.4;2019-06
WY;217.4;2019-07
WY;217.4;2019-08
WY;217.4;2019-09
WY;217.4;2019-10
WY;217.4;2019-11
WY;217.4;2019-12
